set_number,title,theme,year_released,year_retired,parts_count,minifig_count,retiring_soon,annual_growth_pct,rolling_growth_pct,growth_90d_pct,total_growth_pct,value_new_cents,rrp_usd_cents,rating_value,review_count,subtheme,subtheme_avg_growth_pct,theme_rank,price_per_part,minifig_density,value_vs_rrp,quintile,is_bottom_q,is_avoid
76231,"Advent Calendar 2022, Super Heroes, Guardians of the Galaxy (Day 24) - Drax in Holiday Sweater with Silverware and Infinity Stones",Holiday & Event,2022,,268,7,False,1.25,,,,3929,4499,4.7,37,Seasonal,,,16.78731343283582,2.6119402985074625,0.8733051789286508,Q1_worst,True,True
41758,"Advent Calendar 2023, Friends",Holiday & Event,2023,,231,,False,1.43,,,,3260,3499,4.6,24,Seasonal,1.43,2,15.147186147186147,0.0,0.9316947699342669,Q1_worst,True,True
10786,Gabby & MerCat's Ship & Spa,Gabby's Dollhouse,2023,,81,2,False,1.43,,-3.63,0.05,2000,1999,4.7,49,,1.53,3,24.679012345679013,2.4691358024691357,1.0005002501250626,Q1_worst,True,True
10787,Kitty Fairy's Garden Party,Gabby's Dollhouse,2023,,122,3,False,1.53,,,,3487,3499,4.7,48,,1.53,4,28.68032786885246,2.459016393442623,0.9965704486996285,Q1_worst,True,True
43218,Anna and Elsa's Magical Carousel,Disney,2023,,162,4,False,1.59,3.37,3.6,0.05,2000,1999,4.7,33,Frozen,2.19,6,12.339506172839506,2.4691358024691357,1.0005002501250626,Q1_worst,True,True
80030,Monkie Kid’s Staff Creations,Monkie Kid,2022,,300,2,False,1.61,,,,4134,3999,4.7,33,,,,13.33,0.6666666666666667,1.0337584396099024,Q1_worst,True,True
31138,Beach Camper Van,Creator,2023,,548,2,False,1.63,1.77,11.26,1.44,5071,4999,4.7,31,3 in 1,4.27,66,9.122262773722628,0.36496350364963503,1.0144028805761152,Q1_worst,True,True
10989,Water Park,DUPLO,2023,,17,2,False,1.77,2.95,-2.31,3.8,4151,3999,4.6,14,,4.74,127,235.23529411764707,11.76470588235294,1.038009502375594,Q1_worst,True,True
40603,Wintertime Carriage Ride,Holiday & Event,2023,,139,3,False,1.86,,16.31,,3500,,4.7,42,Christmas,4.85,10,0.0,2.158273381294964,,Q1_worst,True,True
41740,Aliya's Room,Friends,2023,,201,2,False,2.34,2.0,1.08,4.85,2096,1999,4.7,17,Bedrooms,2.81,6,9.945273631840797,0.9950248756218906,1.0485242621310655,Q1_worst,True,True
80037,Dragon of the East,Monkie Kid,2022,,855,4,False,2.44,,-6.31,5.85,8467,7999,4.7,40,Season 3,8.47,6,9.355555555555556,0.46783625730994155,1.0585073134141767,Q1_worst,True,True
41741,Dog Rescue Van,Friends,2023,,292,2,False,2.47,2.99,3.13,4.47,3133,2999,4.6,17,,6.1,288,10.270547945205479,0.684931506849315,1.0446815605201734,Q1_worst,True,True
43210,Moana's Wayfinding Boat,Disney,2023,,313,2,False,2.5,1.69,3.65,3.37,3617,3499,4.7,32,Moana,9.07,2,11.178913738019169,0.6389776357827476,1.0337239211203202,Q1_worst,True,True
71405,Fuzzy Flippers - Expansion Set,Super Mario,2022,,114,2,False,2.5,,,,2215,1999,4.7,22,,,,17.535087719298247,1.7543859649122806,1.1080540270135069,Q1_worst,True,True
71023,"Minifigure, The LEGO Movie 2 (Complete Series of 20 Complete Minifigure Sets)",Collectible Minifigures,2019,,,1,False,2.52,,,,524,399,4.6,26,The LEGO Movie 2 The Second Part,,,,0.0,1.31328320802005,Q1_worst,True,True
10982,Fruit and Vegetable Tractor,DUPLO,2023,,18,1,False,2.56,8.74,1.03,0.8,2015,1999,4.7,15,,4.74,103,111.05555555555556,5.555555555555555,1.0080040020010006,Q1_worst,True,True
41738,Dog Rescue Bike,Friends,2023,,118,2,False,2.58,1.63,1.06,5.21,1051,999,4.7,17,Dog Rescue,3.44,,8.466101694915254,1.694915254237288,1.052052052052052,Q1_worst,True,True
76211,Shuri's Sunbird,Super Heroes,2022,,325,4,False,2.62,,,,5328,4999,4.7,30,Black Panther,,,15.381538461538462,1.2307692307692308,1.0658131626325265,Q1_worst,True,True
41739,Liann's Room,Friends,2023,,196,2,False,2.81,,,,1998,1999,4.7,17,Bedrooms,2.81,3,10.198979591836734,1.0204081632653061,0.9994997498749375,Q1_worst,True,True
41754,Leo's Room,Friends,2023,,195,2,False,2.81,,,,1999,1999,4.6,18,Bedrooms,2.81,2,10.251282051282052,1.0256410256410255,1.0,Q1_worst,True,True
41755,Nova's Room,Friends,2023,,171,2,False,2.82,4.59,6.49,4.0,2079,1999,4.7,18,Bedrooms,2.81,1,11.690058479532164,1.1695906432748537,1.0400200100050025,Q1_worst,True,True
10983,Organic Market,DUPLO,2023,,40,,False,2.83,1.54,-2.66,6.5,3194,2999,4.5,15,,4.74,147,74.975,0.0,1.0650216738912972,Q1_worst,True,True
41736,Sea Rescue Center,Friends,2023,,363,3,False,2.98,,,,4984,4999,4.6,18,Sea Rescue,2.98,3,13.771349862258953,0.8264462809917356,0.996999399879976,Q1_worst,True,True
41734,Sea Rescue Boat,Friends,2023,,697,4,False,2.98,,,,6996,7999,4.7,18,Sea Rescue,2.98,1,11.476327116212339,0.5738880918220948,0.8746093261657707,Q1_worst,True,True
76946,Blue & Beta Velociraptor Capture,Jurassic World,2022,,166,2,False,3.05,,,,3693,3499,4.8,5,Dominion,,,21.07831325301205,1.2048192771084338,1.0554444126893399,Q1_worst,True,True
75340,"Advent Calendar 2022, Star Wars (Day 24) - Festive R2-D2",Holiday & Event,2022,,329,8,False,3.12,,,,4617,4499,4.7,5,Seasonal,,,13.674772036474165,2.43161094224924,1.0262280506779284,Q1_worst,True,True
41749,Newsroom Van,Friends,2023,,435,3,False,3.2,,,,2782,2999,4.7,17,Traffic,3.2,11,6.894252873563218,0.6896551724137931,0.9276425475158386,Q1_worst,True,True
11032,Creative Color Fun,Classic,2023,,1500,,False,3.26,,,,6499,6499,4.7,23,Creative Fun,3.26,4,4.332666666666666,0.0,1.0,Q1_worst,True,True
11027,Creative Neon Fun,Classic,2023,,333,,False,3.32,1.88,2.06,2.15,2042,1999,4.6,15,Creative Fun,3.26,7,6.003003003003003,0.0,1.0215107553776888,Q1_worst,True,True
76210,Hulkbuster,Super Heroes,2022,,4045,1,False,3.32,,,,58138,54999,4.8,35,Age of Ultron,,,13.596786155747838,0.024721878862793575,1.057073764977545,Q1_worst,True,True
71412,Big Bad Island - Expansion Set,Super Mario,2022,,125,4,False,3.46,,,,4829,4499,4.7,18,Expansion Set,,,35.992,3.2,1.0733496332518337,Q1_worst,True,True
70849,Wyld-Mayhem Star Fighter,The LEGO Movie 2,2019,,380,4,False,3.53,,,,6479,4999,4.7,43,,,,13.155263157894737,1.0526315789473684,1.2960592118423684,Q1_worst,True,True
76944,T. rex Dinosaur Breakout,Jurassic World,2022,,121,3,False,3.56,,,,5215,4999,4.7,8,Dominion,,,41.31404958677686,2.479338842975207,1.0432086417283457,Q1_worst,True,True
41425,Olivia's Flower Garden,Friends,2020,2021,75,2,False,3.63,,,,1357,999,4.6,16,Science,,,13.32,2.666666666666667,1.3583583583583583,Q1_worst,True,True
41807,Bracelet Designer Mega Pack,Dots,2023,,388,,False,3.73,2.64,-5.82,1.2,3035,2999,4.6,38,Bracelets,3.83,19,7.729381443298969,0.0,1.0120040013337779,Q1_worst,True,True
75339,Death Star Trash Compactor Diorama,Star Wars,2022,,780,6,False,3.82,,,,9322,8999,4.8,25,Diorama Collection,,,11.537179487179488,0.7692307692307693,1.0358928769863318,Q1_worst,True,True
41728,Heartlake Downtown Diner,Friends,2023,,334,3,False,3.98,,,,2742,2999,4.6,21,Heartlake City,3.98,14,8.979041916167665,0.8982035928143712,0.9143047682560853,Q1_worst,True,True
41743,Hair Salon,Friends,2023,,389,3,False,3.98,,,,3996,3999,4.7,16,Heartlake City,3.98,34,10.280205655526993,0.7712082262210797,0.9992498124531133,Q1_worst,True,True
11033,Creative Fantasy Universe,Classic,2023,,1800,,False,3.99,3.66,5.94,10.02,9901,8999,4.6,14,Miscellaneous,5.97,2,4.999444444444444,0.0,1.1002333592621403,Q1_worst,True,True
42155,The Batman - Batcycle,Technic,2023,,641,,False,4.09,,,,4553,4999,4.7,35,Licensed,4.09,20,7.798751950078003,0.0,0.9107821564312862,Q1_worst,True,True
42156,Peugeot 9X8 24H Le Mans Hybrid Hypercar,Technic,2023,,1775,,False,4.09,,,,19900,19999,4.8,30,Licensed,4.09,15,11.267042253521128,0.0,0.9950497524876244,Q1_worst,True,True
42146,Liebherr Crawler Crane LR 13000,Technic,2023,,2883,,False,4.09,,9.22,6.4,74476,69999,4.8,32,Licensed,4.09,35,24.279916753381894,0.0,1.0639580565436648,Q1_worst,True,True
42153,NASCAR Next Gen Chevrolet Camaro,Technic,2023,,672,,False,4.09,,,,4558,4999,4.7,34,Licensed,4.09,17,7.438988095238095,0.0,0.9117823564712942,Q1_worst,True,True
75250,Pasaana Speeder Chase,Star Wars,2019,,357,4,False,4.13,,,,4354,3999,4.7,29,The Rise of Skywalker,,,11.201680672268907,1.1204481792717087,1.0887721930482621,Q1_worst,True,True
76212,Shuri's Lab,Super Heroes,2022,,50,2,False,4.22,,,,1164,999,4.6,29,Black Panther,,,19.98,4.0,1.165165165165165,Q1_worst,True,True
31133,White Rabbit,Creator,2023,,258,,False,4.27,,,,1999,1999,4.7,21,3 in 1,4.27,16,7.748062015503876,0.0,1.0,Q1_worst,True,True
31139,Cozy House,Creator,2023,,808,3,False,4.27,,,,5999,5999,4.7,32,3 in 1,4.27,23,7.4245049504950495,0.3712871287128713,1.0,Q1_worst,True,True
31137,Adorable Dogs,Creator,2023,,475,,False,4.27,,,,2995,2999,4.7,31,3 in 1,4.27,36,6.313684210526316,0.0,0.9986662220740247,Q1_worst,True,True
31142,Space Roller Coaster,Creator,2023,,852,6,False,4.27,,25.23,31.02,14411,10999,4.7,33,3 in 1,4.27,45,12.90962441314554,0.7042253521126761,1.310210019092645,Q1_worst,True,True
71407,Cat Peach Suit and Frozen Tower - Expansion Set,Super Mario,2022,,436,3,False,4.3,,,,9500,7999,4.7,24,,,,18.34633027522936,0.6880733944954129,1.187648456057007,Q1_worst,True,True
71406,Yoshi's Gift House - Expansion Set,Super Mario,2022,,203,2,False,4.32,,,,2999,2999,4.7,25,Expansion Set,,,14.773399014778326,0.9852216748768473,1.0,Q1_worst,True,True
76943,Pteranodon Chase,Jurassic World,2022,,82,2,False,4.4,,,,2360,1999,4.7,37,Dominion,,,24.378048780487806,2.4390243902439024,1.1805902951475737,Q1_worst,True,True
76910,Aston Martin Valkyrie AMR Pro and Aston Martin Vantage GT3,SPEED CHAMPIONS,2022,,582,2,False,4.44,,,,4500,4499,4.8,31,Aston Martin,,,7.730240549828179,0.3436426116838488,1.0002222716159146,Q1_worst,True,True
40643,Jade Rabbit,Holiday & Event,2023,,288,,False,4.45,,,,1906,1999,4.7,21,Chinese Traditional Festivals,4.45,15,6.940972222222222,0.0,0.9534767383691846,Q1_worst,True,True
75239,Action Battle Hoth Generator Attack,Star Wars,2019,,226,2,False,4.45,,,,3500,2999,4.7,24,Episode V,,,13.269911504424778,0.8849557522123894,1.1670556852284095,Q1_worst,True,True
80108,Lunar New Year Traditions,Holiday & Event,2022,,1013,12,False,4.45,,,,6858,7999,4.7,30,Chinese Traditional Festivals,4.45,3,7.896347482724581,1.1846001974333662,0.8573571696462058,Q1_worst,True,True
80109,Lunar New Year Ice Festival,Holiday & Event,2022,,1460,13,False,4.45,,,,10000,11999,4.8,30,Chinese Traditional Festivals,4.45,2,8.218493150684932,0.8904109589041096,0.8334027835652971,Q1_worst,True,True
76213,King Namor's Throne Room,Super Heroes,2022,,343,3,False,4.51,,,,3499,3499,4.7,29,Black Panther,,,10.201166180758017,0.8746355685131195,1.0,Q1_worst,True,True
76215,Black Panther,Super Heroes,2022,,2961,,False,4.51,,,,31929,34999,4.8,29,Black Panther,,,11.819993245525161,0.0,0.9122832080916597,Q1_worst,True,True
80034,Nezha's Fire Ring,Monkie Kid,2022,,887,7,False,4.52,-1.89,1.04,10.01,11000,9999,4.7,35,Season 3,8.47,8,11.2728297632469,0.7891770011273956,1.1001100110011002,Q1_worst,True,True
75254,AT-ST Raider,Star Wars,2019,,522,4,False,4.6,,,,4271,4999,4.7,30,The Mandalorian,,,9.576628352490422,0.7662835249042145,0.8543708741748349,Q1_worst,True,True
75324,Dark Trooper Attack,Star Wars,2022,,146,4,False,4.6,,,,3485,3499,4.7,30,The Mandalorian,,,23.965753424657535,2.73972602739726,0.9959988568162332,Q1_worst,True,True
75326,Boba Fett's Throne Room,Star Wars,2022,,712,7,False,4.6,,,,8027,9999,4.8,32,The Book of Boba Fett,,,14.043539325842696,0.9831460674157303,0.8027802780278028,Q1_worst,True,True
76403,The Ministry of Magic,Harry Potter,2022,,948,10,False,4.6,,,,8995,9999,4.8,32,Deathly Hallows,,,10.54746835443038,1.0548523206751055,0.8995899589958996,Q1_worst,True,True
11028,Creative Pastel Fun,Classic,2023,,333,,False,4.64,1.53,4.22,7.9,2157,1999,4.7,15,Creative Fun,3.26,6,6.003003003003003,0.0,1.0790395197598799,Q1_worst,True,True
70835,Rex's Rexplorer!,The LEGO Movie 2,2019,,1165,2,False,4.72,,,,10073,11999,4.6,26,,,,10.299570815450643,0.17167381974248927,0.8394866238853238,Q1_worst,True,True
70837,Shimmer & Shine Sparkle Spa!,The LEGO Movie 2,2019,,579,8,False,4.72,,,,5598,6999,4.7,36,,,,12.088082901554404,1.381692573402418,0.7998285469352765,Q1_worst,True,True
10993,3in1 Tree House,DUPLO,2023,,121,5,False,4.74,,30.43,45.17,13064,8999,4.6,25,,4.74,137,74.37190082644628,4.132231404958678,1.4517168574286032,Q1_worst,True,True
10994,3-in-1 Family House,DUPLO,2023,,213,5,False,4.74,,8.53,9.52,14236,12999,4.6,51,,4.74,176,61.028169014084504,2.3474178403755865,1.0951611662435572,Q1_worst,True,True
75336,Inquisitor Transport Scythe,Star Wars,2022,,904,4,False,5.0,,,,10644,9999,4.8,35,Obi-Wan Kenobi,,,11.060840707964601,0.4424778761061947,1.0645064506450646,Q2,False,False
75241,Action Battle Echo Base Defense,Star Wars,2019,,462,6,False,5.02,,,,6985,5999,4.7,26,Episode V,,,12.984848484848484,1.2987012987012987,1.164360726787798,Q2,False,False
71771,The Crystal King Temple,NINJAGO,2022,,671,6,False,5.04,,,,9496,7999,4.8,24,Crystalized,,,11.921013412816691,0.8941877794336811,1.1871483935491935,Q2,False,False
40584,Birthday Diorama,Holiday & Event,2023,,149,2,,5.06,,,,,,4.6,33,Birthday,5.81,3,0.0,1.342281879194631,,Q2,False,False
71772,The Crystal King,NINJAGO,2022,,698,5,False,5.18,,,,9490,7999,4.7,25,Crystalized,,,11.459885386819485,0.7163323782234957,1.1863982997874734,Q2,False,False
40658,Millennium Falcon Holiday Diorama,Star Wars,2023,,269,4,False,5.2,,,,2999,2999,4.8,29,Seasonal,5.2,1,11.148698884758364,1.486988847583643,1.0,Q2,False,False
60305,Car Transporter,Town,2021,2022,334,2,False,5.28,,,,3999,2999,4.6,51,Traffic,,,8.979041916167665,0.5988023952095809,1.3334444814938313,Q2,False,False
76948,T. rex & Atrociraptor Dinosaur Breakout,Jurassic World,2022,,442,4,False,5.3,,,,9340,9999,4.7,7,,,,22.622171945701357,0.904977375565611,0.9340934093409341,Q2,False,False
41751,Skate Park,Friends,2023,,419,3,False,5.31,,,,4999,4999,4.7,18,Sports,5.31,7,11.930787589498806,0.7159904534606205,1.0,Q2,False,False
75329,Death Star Trench Run Diorama,Star Wars,2022,,665,,False,5.36,,,,6762,6999,4.8,25,Diorama Collection,,,10.524812030075188,0.0,0.9661380197171024,Q2,False,False
75330,Dagobah Jedi Training Diorama,Star Wars,2022,,989,3,False,5.36,,,,8357,8999,4.8,25,Diorama Collection,,,9.099089989888776,0.3033367037411527,0.9286587398599845,Q2,False,False
41725,Beach Buggy Fun,Friends,2023,,52,2,False,5.37,2.11,14.97,7.01,1176,1099,4.6,17,Beach,3.4,12,21.134615384615383,3.8461538461538463,1.070063694267516,Q2,False,False
71762,Kai’s Fire Dragon EVO,NINJAGO,2022,,181,3,False,5.44,,,,3996,3499,4.7,17,Core,,,19.331491712707184,1.6574585635359116,1.142040583023721,Q2,False,False
76225,Miles Morales,Super Heroes,2022,,238,,False,5.58,,,,3131,2499,4.7,26,Spider-Man,,,10.5,0.0,1.2529011604641858,Q2,False,False
40646,Daffodils,Botanicals,2023,,216,,False,5.59,1.03,12.85,32.41,1720,1299,4.7,17,Botanical Collection,4.6,14,6.013888888888889,0.0,1.3240954580446498,Q2,False,False
41724,Paisley's House,Friends,2023,,174,3,False,5.65,,1.06,7.68,4306,3999,4.6,21,Houses,3.92,9,22.982758620689655,1.7241379310344827,1.0767691922980744,Q2,False,False
76396,Hogwarts Moment: Divination Class,Harry Potter,2022,,285,3,False,5.77,,,,3999,2999,4.7,35,Hogwarts Moments,,,10.52280701754386,1.0526315789473684,1.3334444814938313,Q2,False,False
41729,Organic Grocery Store,Friends,2023,,811,5,False,5.8,3.82,8.17,18.8,10691,8999,4.7,16,Heartlake City,3.98,33,11.096177558569668,0.6165228113440198,1.1880208912101344,Q2,False,False
41723,Donut Shop,Friends,2023,,55,2,False,5.82,,7.19,13.01,1129,999,4.7,16,,6.1,139,18.163636363636364,3.6363636363636362,1.13013013013013,Q2,False,False
40602,Winter Market Stall,Creator,2023,,263,2,False,5.85,,24.96,,1999,,4.7,11,,4.6,5,0.0,0.7604562737642585,,Q2,False,False
41759,Heartlake City Bus,Friends,2023,,467,3,False,5.85,,1.08,1.54,5076,4999,4.6,27,Traffic,3.2,17,10.704496788008566,0.6423982869379015,1.0154030806161232,Q2,False,False
21343,Viking Village,LEGO Ideas (CUUSOO),2081,,2081,4,False,5.86,,17.67,30.77,16999,12999,4.8,32,,5.86,17,6.246516098029794,0.19221528111484865,1.3077159781521654,Q2,False,False
21341,Disney Hocus Pocus: The Sanderson Sisters' Cottage,LEGO Ideas (CUUSOO),2023,,2270,9,False,5.86,,32.47,43.05,32900,22999,4.8,30,,5.86,38,10.13171806167401,0.39647577092511016,1.4304969781294838,Q2,False,False
71776,Jay and Nya's Race Car EVO,NINJAGO,2022,,512,4,False,5.87,,,,5332,4999,4.7,15,Core,,,9.763671875,0.78125,1.066613322664533,Q2,False,False
21339,BTS Dynamite,LEGO Ideas (CUUSOO),2023,,721,7,False,5.88,,,,9999,9999,4.8,32,Licensed,5.88,25,13.868238557558946,0.9708737864077669,1.0,Q2,False,False
76950,Triceratops Pick-up Truck Ambush,Jurassic World,2022,,189,4,False,5.88,,,,4493,4499,4.7,30,Dominion,,,23.804232804232804,2.1164021164021163,0.9986663703045121,Q2,False,False
60356,Bear Stunt Bike,Town,2023,,6,1,False,5.91,,4.1,25.16,1000,799,4.7,22,Stuntz,3.99,10,133.16666666666666,16.666666666666664,1.2515644555694618,Q2,False,False
43231,Asha's Cottage,Disney,2023,,492,4,False,5.93,,,,4997,4999,4.7,30,Wish,5.93,1,10.160569105691057,0.8130081300813009,0.9995999199839968,Q2,False,False
76831,Zurg Battle,Lightyear,2022,,252,2,False,5.93,,,,3276,3499,4.7,27,Lightyear,,,13.884920634920634,0.7936507936507936,0.936267505001429,Q2,False,False
76830,Zyclops Chase,Lightyear,2022,,77,2,False,5.93,,,,1999,1999,4.7,27,Lightyear,,,25.961038961038962,2.5974025974025974,1.0,Q2,False,False
41746,Horse Training,Friends,2023,,126,2,False,5.93,,6.06,17.71,3530,2999,4.7,16,Horseback Riding,7.19,6,23.8015873015873,1.5873015873015872,1.1770590196732245,Q2,False,False
43223,Asha in the City of Rosas,Disney,2023,,146,2,False,5.93,,,,1999,1999,4.7,29,Wish,5.93,4,13.691780821917808,1.36986301369863,1.0,Q2,False,False
76832,XL-15 Spaceship,Lightyear,2022,,481,3,False,5.93,,,,4357,4999,4.8,27,Lightyear,,,10.392931392931393,0.6237006237006237,0.8715743148629725,Q2,False,False
76226,Spider-Man,Super Heroes,2022,,258,,False,5.94,,,,2764,2499,4.7,26,Spider-Man,,,9.686046511627907,0.0,1.1060424169667866,Q2,False,False
75245,"Advent Calendar 2019, Star Wars (Day 24) - Santa Porg",Holiday & Event,2019,,280,9,False,5.94,,,,4999,3999,4.7,37,Seasonal,,,14.282142857142857,3.214285714285714,1.2500625156289071,Q2,False,False
21342,The Insect Collection,LEGO Ideas (CUUSOO),2023,,1111,,,6.04,,,,7839,7999,4.8,17,,5.86,42,7.1998199819982,0.0,0.979997499687461,Q2,False,False
75342,Republic Fighter Tank,Star Wars,2022,,237,6,False,6.08,,,,4588,3999,4.8,26,The Clone Wars,,,16.873417721518987,2.5316455696202533,1.1472868217054264,Q2,False,False
75242,Black Ace TIE Interceptor,Star Wars,2019,,386,3,False,6.1,,,,7463,4999,4.7,27,Resistance,,,12.950777202072539,0.7772020725388601,1.492898579715943,Q2,False,False
40595,Tribute to Galileo Galilei,LEGO Ideas (CUUSOO),2023,,302,1,False,6.12,,1.02,,4000,,4.8,30,Promotional,7.53,5,0.0,0.33112582781456956,,Q2,False,False
75338,Ambush on Ferrix,Star Wars,2022,,667,3,False,6.13,,,,8000,6999,4.7,36,Andor,,,10.493253373313344,0.4497751124437781,1.1430204314902128,Q2,False,False
71764,Ninja Training Center,NINJAGO,2022,,511,3,False,6.14,,,,5046,3999,4.7,51,,,,7.825831702544031,0.5870841487279843,1.2618154538634658,Q2,False,False
70832,Emmet's Builder Box!,The LEGO Movie 2,2019,,121,1,False,6.2,,,,4400,2999,4.7,25,,,,24.785123966942148,0.8264462809917356,1.4671557185728576,Q2,False,False
76216,Iron Man Armory,Super Heroes,2022,,442,8,False,6.25,,,,7500,8999,4.7,29,Iron Man 2,,,20.35972850678733,1.809954751131222,0.833425936215135,Q2,False,False
76214,Black Panther: War on the Water,Super Heroes,2022,,516,5,False,6.25,,,,8000,8999,4.7,29,Black Panther Wakanda Forever,,,17.439922480620154,0.9689922480620154,0.888987665296144,Q2,False,False
76207,Attack on New Asgard,Super Heroes,2022,,146,3,False,6.25,,,,1961,1999,4.7,36,Thor Love and Thunder,,,13.691780821917808,2.054794520547945,0.9809904952476238,Q2,False,False
76208,The Goat Boat,Super Heroes,2022,,541,5,False,6.25,,,,5500,5999,4.8,10,Thor Love and Thunder,,,11.088724584103511,0.9242144177449169,0.916819469911652,Q2,False,False
10317,Land Rover Classic Defender 90,Creator,2023,,2336,,False,6.28,,18.0,4.17,24999,23999,4.8,21,Vehicles,6.28,16,10.273544520547945,0.0,1.0416684028501189,Q2,False,False
21248,The Pumpkin Farm,Minecraft,2023,,250,2,False,6.33,,,,3500,3999,4.7,21,Minifig-scale,6.33,69,15.996,0.8,0.8752188047011753,Q2,False,False
21249,The Crafting Box 4.0,Minecraft,2023,,591,4,False,6.33,,,,7975,7999,4.7,21,Minifig-scale,6.33,91,13.534686971235194,0.676818950930626,0.9969996249531191,Q2,False,False
76397,Hogwarts Moment: Defence Against the Dark Arts Class,Harry Potter,2022,,244,4,False,6.33,,,,3679,2999,4.7,28,Hogwarts Moments,,,12.290983606557377,1.639344262295082,1.2267422474158052,Q2,False,False
76400,Hogwarts Carriage and Thestrals,Harry Potter,2022,,113,2,False,6.33,2.9,-2.21,14.86,2296,1999,4.8,31,Order of the Phoenix,6.09,1,17.690265486725664,1.7699115044247788,1.1485742871435718,Q2,False,False
40634,Icons of Play,Sports,2023,,837,15,False,6.37,3.0,1.28,8.9,10889,9999,4.8,38,,5.89,39,11.946236559139784,1.7921146953405016,1.089008900890089,Q2,False,False
41808,Hogwarts Accessories Pack,Dots,2023,,234,,False,6.44,,1.04,20.01,1799,1499,4.7,24,Harry Potter,6.99,2,6.405982905982906,0.0,1.200133422281521,Q2,False,False
70839,The Rexcelsior!,The LEGO Movie 2,2019,,1816,4,False,6.45,,,,24141,14999,4.8,37,,,,8.259361233480176,0.22026431718061676,1.609507300486699,Q2,False,False
76217,I am Groot,Super Heroes,2022,,476,,False,6.46,,,,4496,5499,4.8,34,Guardians of the Galaxy Vol 2,,,11.552521008403362,0.0,0.817603200581924,Q2,False,False
41735,Mobile Tiny House,Friends,2023,,773,3,False,6.47,1.55,4.1,14.89,7467,6499,4.7,17,Great Outdoors,2.89,3,8.407503234152651,0.38809831824062097,1.1489459916910294,Q2,False,False
71403,Adventures with Peach - Starter Course,Super Mario,2022,,285,4,,6.49,,,,5879,5999,4.7,19,,,,21.049122807017543,1.4035087719298245,0.9799966661110185,Q2,False,False
75323,The Justifier,Star Wars,2022,,1004,5,False,6.5,,,,14498,16999,4.8,25,The Bad Batch,,,16.931274900398407,0.49800796812749004,0.8528736984528502,Q2,False,False
71411,The Mighty Bowser,Super Mario,2022,,2807,,False,6.52,,,,35117,26999,4.8,36,Miscellaneous,,,9.618453865336658,0.0,1.3006778028815882,Q2,False,False
75228,Escape Pod vs. Dewback Microfighters,Star Wars,2019,,159,3,False,6.53,,,,4500,1999,4.8,46,MicroFighters,,,12.572327044025156,1.8867924528301887,2.251125562781391,Q2,False,False
43225,The Little Mermaid Royal Clamshell,Disney,2023,,1788,5,False,6.62,,15.29,21.93,19508,15999,4.8,30,The Little Mermaid,8.32,1,8.947986577181208,0.2796420581655481,1.219326207887993,Q2,False,False
71760,Jay’s Thunder Dragon EVO,NINJAGO,2022,,124,2,False,6.62,,,,2305,1999,4.7,18,Core,,,16.120967741935484,1.6129032258064515,1.1530765382691346,Q2,False,False
71767,Ninja Dojo Temple,NINJAGO,2022,,1352,8,False,6.62,,,,13996,9999,4.8,13,Core,,,7.395710059171598,0.591715976331361,1.3997399739973997,Q2,False,False
76402,Hogwarts: Dumbledore's Office,Harry Potter,2022,,654,6,False,6.64,,,,7500,7999,4.8,33,Chamber of Secrets,,,12.230886850152904,0.9174311926605505,0.9376172021502688,Q2,False,False
43213,The Little Mermaid Story Book,Disney,2023,,124,3,False,6.73,,,,1999,1999,4.7,33,Storybook Adventures,6.73,5,16.120967741935484,2.4193548387096775,1.0,Q2,False,False
43220,Peter Pan & Wendy's Storybook Adventure,Disney,2023,,102,3,False,6.73,,,,1607,1999,4.7,33,Storybook Adventures,6.73,2,19.598039215686274,2.941176470588235,0.8039019509754878,Q2,False,False
11029,Creative Party Box,Classic,2023,,900,,False,6.77,3.71,5.75,15.52,5775,4999,4.7,16,Creative Fun,3.26,8,5.554444444444444,0.0,1.1552310462092419,Q2,False,False
75235,X-wing Starfighter Trench Run,Star Wars,2019,,120,3,False,6.79,,,,4265,2999,4.8,50,4 Plus,,,24.991666666666667,2.5,1.4221407135711903,Q2,False,False
71766,Lloyd’s Legendary Dragon,NINJAGO,2022,,723,4,False,6.79,,,,8378,6999,4.7,14,Core,,,9.680497925311203,0.5532503457814661,1.1970281468781254,Q2,False,False
71024,"Minifigure, Disney, Series 2 (Complete Series of 18 Complete Minifigure Sets)",Collectible Minifigures,2019,,,1,False,6.81,,,,685,399,4.8,38,Disney Series 2,,,,0.0,1.7167919799498748,Q3,False,False
21253,The Animal Sanctuary,Minecraft,2023,,201,2,False,6.95,,18.42,18.16,2362,1999,4.7,34,Minifig-scale,6.33,71,9.945273631840797,0.9950248756218906,1.181590795397699,Q3,False,False
41811,Hogwarts Desktop Kit,Dots,2023,,856,,False,6.99,,,,4372,4499,4.7,24,Harry Potter,6.99,3,5.255841121495327,0.0,0.9717715047788398,Q3,False,False
75332,AT-ST,Star Wars,2022,,76,3,False,7.0,,,,2999,3499,4.7,30,Episode VI,,,46.03947368421053,3.9473684210526314,0.857102029151186,Q3,False,False
75331,The Razor Crest - UCS,Star Wars,2022,,6171,4,False,7.05,,,,74996,59999,4.9,25,Ultimate Collector Series,,,9.722735375141792,0.06481931615621456,1.249954165902765,Q3,False,False
75192,UCS Millennium Falcon,Star Wars,2017,,7541,8,False,7.08,,,,83299,84999,4.9,41,Ultimate Collector Series,,,11.271582018299961,0.10608672589842195,0.9799997647031141,Q3,False,False
75247,Rebel A-Wing Starfighter,Star Wars,2019,,55,2,False,7.14,,,,2938,1499,4.7,52,4 Plus,,,27.254545454545454,3.6363636363636362,1.9599733155436958,Q3,False,False
76909,Mercedes-AMG F1 W12 E Performance & Mercedes-AMG Project One,SPEED CHAMPIONS,2022,,554,2,False,7.17,,,,3340,3499,4.8,25,Mercedes,,,6.315884476534296,0.36101083032490977,0.9545584452700772,Q3,False,False
41745,Autumn's Horse Stable,Friends,2023,,535,2,False,7.19,,,,5999,5999,4.7,16,Horseback Riding,7.19,5,11.213084112149533,0.3738317757009346,1.0,Q3,False,False
42148,Snow Groomer,Technic,2023,,178,,False,7.22,,6.68,37.18,1782,1299,4.7,37,,4.14,48,7.297752808988764,0.0,1.371824480369515,Q3,False,False
75237,TIE Fighter Attack,Star Wars,2019,,68,2,False,7.25,,,,4668,1999,4.8,51,4 Plus,,,29.397058823529413,2.941176470588235,2.335167583791896,Q3,False,False
43211,Aurora's Castle,Disney,2023,,174,3,False,7.26,,,,4471,4499,4.7,23,Sleeping Beauty,7.26,4,25.85632183908046,1.7241379310344827,0.9937763947543898,Q3,False,False
75334,Obi-Wan Kenobi vs. Darth Vader,Star Wars,2022,,389,4,False,7.3,,,,4495,4999,4.8,24,Obi-Wan Kenobi,,,12.850899742930592,1.0282776349614395,0.8991798359671934,Q3,False,False
42147,Dump Truck,Technic,2023,,177,,False,7.44,,4.38,23.02,1598,1299,4.7,21,,4.14,43,7.338983050847458,0.0,1.2301770592763663,Q3,False,False
75327,Luke Skywalker (Red Five) Helmet,Star Wars,2022,,675,,False,7.6,,,,8329,6999,4.8,20,Helmet Collection,,,10.36888888888889,0.0,1.190027146735248,Q3,False,False
76206,Iron Man Figure,Super Heroes,2022,,381,,False,7.75,,,,4729,3999,4.7,28,Age of Ultron,,,10.496062992125983,0.0,1.1825456364091023,Q3,False,False
21244,The Sword Outpost,Minecraft,2023,,403,5,False,7.76,3.08,,11.11,4999,4499,4.8,35,Minifig-scale,6.33,40,11.163771712158809,1.240694789081886,1.111135807957324,Q3,False,False
40618,Kingsley Shacklebolt & Nymphadora Tonks,BrickHeadz,2023,,250,,False,7.85,0.65,-3.07,2.7,2053,1999,4.8,22,Wizarding World,7.64,5,7.996,0.0,1.0270135067533768,Q3,False,False
41753,Pancake Shop,Friends,2023,,149,2,False,7.87,,7.54,19.47,1313,1099,4.6,17,Park,4.27,3,7.375838926174497,1.342281879194631,1.194722474977252,Q3,False,False
10991,Dream Playground,DUPLO,2023,,71,4,False,8.09,,4.92,15.96,5797,4999,4.5,18,,4.74,214,70.40845070422536,5.633802816901409,1.159631926385277,Q3,False,False
10998,3in1 Magical Castle,DUPLO,2023,,156,4,False,8.09,,0.01,19.97,11996,9999,4.6,16,Disney 100,4.74,13,64.09615384615384,2.564102564102564,1.1997199719971998,Q3,False,False
75574,Toruk Makto & Tree of Souls,Avatar,2022,,1192,4,False,8.14,,,,17657,14999,4.8,24,,,,12.583053691275168,0.33557046979865773,1.1772118141209413,Q3,False,False
71380,Master Your Adventure - Maker Set,Super Mario,2021,2022,269,4,False,8.2,,,,4900,5999,4.7,44,Maker Set,,,22.30111524163569,1.486988847583643,0.8168028004667445,Q3,False,False
70842,Emmet's Triple-Decker Couch Mech,The LEGO Movie 2,2019,,275,3,False,8.32,,,,5929,2999,4.8,37,,,,10.905454545454546,1.090909090909091,1.9769923307769257,Q3,False,False
41727,Dog Rescue Center,Friends,2023,,605,3,False,8.34,1.55,14.18,16.67,6999,5999,4.7,20,Dog Rescue,3.44,,9.915702479338844,0.49586776859504134,1.1666944490748459,Q3,False,False
10992,Life at the Day-Care Center,DUPLO,2023,,63,4,False,8.42,,1.09,11.07,4997,4499,4.6,52,,4.74,194,71.41269841269842,6.349206349206349,1.1106912647254945,Q3,False,False
80035,Monkie Kid's Galactic Explorer,Monkie Kid,2022,,1302,7,False,8.47,,,,12644,12999,4.7,30,Season 3,8.47,5,9.983870967741936,0.5376344086021506,0.9726902069389953,Q3,False,False
80031,Mei’s Dragon Car,Monkie Kid,2022,,434,4,False,8.47,,,,4999,4999,4.7,32,Season 3,,,11.518433179723502,0.9216589861751152,1.0,Q3,False,False
80032,Chang’e Moon Cake Factory,Monkie Kid,2022,,595,3,False,8.47,,,,6993,6999,4.8,32,Season 3,,,11.763025210084034,0.5042016806722689,0.9991427346763824,Q3,False,False
75248,Resistance A-Wing Starfighter,Star Wars,2019,2020,261,2,False,8.54,,,,4529,2999,4.7,28,The Rise of Skywalker,,,11.490421455938698,0.7662835249042145,1.5101700566855618,Q3,False,False
43232,Peter Pan & Wendy's Flight over London,Disney,2023,,453,3,False,8.64,5.17,21.24,26.97,7617,5999,4.8,36,Disney 100,12.08,9,13.242825607064018,0.6622516556291391,1.2697116186031006,Q3,False,False
40582,4x4 Off-Road Ambulance Rescue,Town,2023,,150,3,False,8.66,,-3.63,,1600,,4.6,27,Medical,5.69,1,0.0,2.0,,Q3,False,False
41806,Ultimate Party Kit,Dots,2023,,1154,,False,8.82,,10.24,32.11,6604,4999,4.6,16,,4.87,55,4.331889081455806,0.0,1.3210642128425685,Q3,False,False
41756,Holiday Ski Slope and Café {Cafe},Friends,2023,,968,3,False,8.85,3.4,20.6,25.0,9999,7999,4.7,17,Holiday,8.85,,8.263429752066116,0.30991735537190085,1.2500312539067384,Q3,False,False
41760,Igloo Holiday Adventure,Friends,2023,,476,3,False,8.85,,,,4999,4999,4.7,17,Holiday,8.85,,10.502100840336135,0.6302521008403361,1.0,Q3,False,False
10986,Family House on Wheels,DUPLO,2023,,29,2,False,8.86,,11.86,24.81,2495,1999,4.6,10,,4.74,128,68.93103448275862,6.896551724137931,1.2481240620310154,Q3,False,False
80036,The City of Lanterns,Monkie Kid,2022,,2119,9,False,8.91,0.37,-2.43,22.76,19640,15999,4.8,33,Season 3,8.47,1,7.550259556394526,0.4247286455875413,1.2275767235452215,Q3,False,False
75229,Death Star Escape,Star Wars,2019,,302,4,False,9.01,,,,5748,2999,4.8,47,Episode IV,,,9.93046357615894,1.3245033112582782,1.9166388796265421,Q3,False,False
41732,Downtown Flower and Design Stores,Friends,2023,,1976,9,False,9.04,3.83,24.31,33.18,21307,15999,4.7,16,Heartlake City,3.98,20,8.09665991902834,0.4554655870445344,1.3317707356709794,Q3,False,False
75255,Yoda,Star Wars,2019,,1768,1,False,9.15,,,,13500,9999,4.7,30,,,,5.655542986425339,0.056561085972850686,1.3501350135013501,Q3,False,False
10789,Spider-Man's Car and Doc Ock,Super Heroes,2023,,36,2,,9.27,,,,1019,999,4.7,5,Spider-Man,10.3,19,27.75,5.555555555555555,1.02002002002002,Q3,False,False
75322,Hoth AT-ST,Star Wars,2022,,528,4,False,9.3,,,,6205,4999,4.7,24,Episode V,,,9.467803030303031,0.7575757575757576,1.24124824964993,Q3,False,False
10791,Mobile Headquarters,Super Heroes,2023,,169,5,False,9.33,7.69,30.37,29.29,6463,4999,4.7,7,Spider-Man,10.3,50,29.579881656804734,2.9585798816568047,1.2928585717143428,Q3,False,False
41744,Sports Center,Friends,2023,,816,4,False,9.37,3.12,11.08,27.99,12158,9499,4.7,16,Sports,5.31,9,11.64093137254902,0.49019607843137253,1.2799242025476365,Q3,False,False
75243,Slave I - 20th Anniversary Edition,Star Wars,2019,,993,5,False,9.41,,,,19393,11999,4.8,28,Episode V,,,12.083585095669688,0.5035246727089627,1.6162180181681807,Q3,False,False
75321,The Razor Crest Microfighter,Star Wars,2022,,93,1,False,9.51,,,,1486,999,4.8,51,MicroFighters,,,10.741935483870968,1.0752688172043012,1.4874874874874875,Q3,False,False
10997,Camping Adventure,DUPLO,2023,,33,4,False,9.55,6.44,-2.25,23.88,6193,4999,4.7,52,,4.74,69,151.4848484848485,12.121212121212121,1.2388477695539108,Q3,False,False
40596,Magic Maze,Promotional,2023,,332,,False,9.73,,,,2999,2999,4.8,9,Gift With Purchase,9.73,10,9.033132530120483,0.0,1.0,Q3,False,False
75236,Duel on Starkiller Base,Star Wars,2019,,183,2,False,9.77,,,,4295,1999,4.8,22,The Force Awakens,,,10.923497267759563,1.092896174863388,2.1485742871435716,Q3,False,False
41802,Unicorns Forever Bracelet,Dots,2023,,37,,False,9.83,,-1.92,23.87,742,599,4.6,25,,4.87,69,16.18918918918919,0.0,1.2387312186978297,Q3,False,False
40598,Gringotts Vault,Harry Potter,2023,,208,1,False,9.85,4.01,19.63,,7464,,4.8,21,Promotional,7.24,2,0.0,0.4807692307692308,,Q3,False,False
41730,Autumn's House,Friends,2023,,837,4,False,9.88,1.77,7.63,30.53,9136,6999,4.7,22,Houses,3.92,6,8.362007168458781,0.4778972520908005,1.3053293327618232,Q3,False,False
40623,Battle of Endor Heroes,BrickHeadz,2023,,549,,False,10.02,,,,3411,3999,4.8,24,Star Wars,10.02,5,7.284153005464481,0.0,0.8529632408102026,Q3,False,False
41809,Hedwig Pencil Holder,Dots,2023,,518,,False,10.09,1.1,,24.86,2496,1999,4.7,22,Harry Potter,6.99,1,3.859073359073359,0.0,1.248624312156078,Q3,False,False
41733,Mobile Bubble Tea Shop,Friends,2023,,101,2,False,10.09,,0.2,50.05,1499,999,4.6,17,,6.1,103,9.891089108910892,1.9801980198019802,1.5005005005005005,Q3,False,False
43219,Disney Princess Creative Castles,Disney,2023,,132,2,False,10.25,,31.47,42.87,4999,3499,4.7,23,Disney Princess,2.91,9,26.507575757575758,1.5151515151515151,1.4286939125464417,Q3,False,False
76204,Black Panther Mech Armor,Super Heroes,2022,,121,1,False,10.28,,,,1599,999,4.7,23,Avengers,,,8.256198347107437,0.8264462809917356,1.6006006006006006,Q3,False,False
76945,Atrociraptor Dinosaur: Bike Chase,Jurassic World,2022,,160,2,False,10.29,,,,2507,1999,4.6,5,Dominion,,,12.49375,1.25,1.2541270635317658,Q3,False,False
71757,Lloyd's Ninja Mech,NINJAGO,2022,,50,2,False,10.31,,,,1625,999,4.6,20,Core,,,19.98,4.0,1.6266266266266267,Q3,False,False
71410,"Character, Super Mario, Series 5 (Complete Series of 8 Complete Character Sets)",Super Mario,2022,,,,False,10.32,,,,1088,599,4.7,36,Character Pack Series 5,,,,0.0,1.8163606010016695,Q3,False,False
80033,Evil Macaque’s Mech,Monkie Kid,2022,,853,5,False,10.44,4.01,-4.58,39.34,12539,8999,4.7,35,Season 3,8.47,9,10.549824150058617,0.5861664712778429,1.3933770418935438,Q3,False,False
75343,Dark Trooper Helmet,Star Wars,2022,,693,,False,10.51,,,,8762,6999,4.8,39,Helmet Collection,,,10.0995670995671,0.0,1.2518931275896557,Q3,False,False
75224,Sith Infiltrator Microfighter,Star Wars,2019,,88,1,False,10.51,,,,3036,999,4.8,43,MicroFighters,,,11.352272727272727,1.1363636363636365,3.039039039039039,Q3,False,False
40504,A Minifigure Tribute,LEGO Brand,2023,,1041,,False,10.65,2.17,1.0,72.26,13779,7999,4.8,33,LEGO House,8.15,1,7.683957732949088,0.0,1.7225903237904738,Q3,False,False
45823,FIRST LEGO League (FLL) Challenge 2023 - Masterpiece,FIRST LEGO League,2023,,1685,21,False,10.7,,-1.57,48.1,37024,25000,4.7,28,FIRST LEGO League Challenge,10.34,1,14.836795252225519,1.2462908011869436,1.48096,Q3,False,False
10985,Wind Turbine and Electric Car,DUPLO,2023,,15,1,False,10.91,1.94,10.13,34.43,1343,999,4.6,9,,4.74,111,66.6,6.666666666666667,1.3443443443443444,Q3,False,False
80038,Monkie Kid's Team Van,Monkie Kid,2022,,1375,6,False,10.96,,4.47,51.33,19671,12999,4.7,29,Season 3,8.47,7,9.453818181818182,0.4363636363636364,1.513270251557812,Q3,False,False
21243,The Frozen Peaks,Minecraft,2023,,288,3,False,10.99,1.85,5.13,28.58,4499,3499,4.7,35,Minifig-scale,6.33,86,12.149305555555555,1.0416666666666665,1.285795941697628,Q3,False,False
10995,Spider-Man's House,DUPLO,2023,,23,2,False,11.01,7.02,9.16,25.01,2499,1999,4.6,12,Spidey and His Amazing Friends,8.59,2,86.91304347826087,8.695652173913043,1.2501250625312657,Q3,False,False
40622,Disney 100th Celebration,BrickHeadz,2023,,501,,False,11.14,,,,3496,3999,4.7,15,Disney,11.14,4,7.982035928143713,0.0,0.8742185546386597,Q4,False,False
40591,Death Star II,Star Wars,2023,,289,,False,11.26,,11.78,,8501,,4.8,4,Promotional,6.57,1,0.0,0.0,,Q4,False,False
10320,Eldorado Fortress,Pirates,2023,,2458,9,False,11.32,0.7,1.66,30.22,27995,21499,4.9,30,Pirates System,5.74,70,8.746541903986982,0.3661513425549227,1.3021535885390019,Q4,False,False
75223,Naboo Starfighter Microfighter,Star Wars,2019,,57,1,False,11.53,,,,2163,999,4.7,42,MicroFighters,,,17.526315789473685,1.7543859649122806,2.165165165165165,Q4,False,False
71769,Cole's Dragon Cruiser,NINJAGO,2022,,359,4,False,11.64,,,,6352,4499,4.7,23,Crystalized,,,12.532033426183844,1.1142061281337048,1.4118693042898423,Q4,False,False
71759,Ninja Dragon Temple,NINJAGO,2022,,147,4,False,11.69,,,,6422,4499,4.6,22,Core,,,30.60544217687075,2.7210884353741496,1.4274283174038676,Q4,False,False
76405,Hogwarts Express - Collectors' Edition,Harry Potter,2022,,5046,20,False,11.69,,,,63220,49999,4.9,31,,,,9.90864050733254,0.3963535473642489,1.26442528850577,Q4,False,False
41737,Beach Amusement Park,Friends,2023,,1332,4,False,11.95,6.34,15.82,20.84,14499,11999,4.7,24,Beach,3.4,10,9.008258258258259,0.3003003003003003,1.2083506958913244,Q4,False,False
40657,Dream Village,DREAMZzz,2023,,419,4,False,11.96,1.3,4.32,13.37,3400,2999,4.7,52,Trials of the Dream Chasers,7.49,6,7.157517899761337,0.9546539379474941,1.1337112370790263,Q4,False,False
41731,Heartlake International School,Friends,2023,,959,6,False,12.0,2.22,17.85,31.83,13182,9999,4.7,22,Heartlake City,3.98,47,10.426485922836287,0.6256517205422315,1.3183318331833183,Q4,False,False
43230,Walt Disney Tribute Camera,Disney,2023,,800,3,False,12.08,,26.92,10.01,11000,9999,4.9,21,Disney 100,12.08,2,12.49875,0.375,1.1001100110011002,Q4,False,False
43212,Disney Celebration Train​,Disney,2023,,175,6,False,12.08,,,,3754,3999,4.8,30,Disney 100,12.08,3,22.85142857142857,3.428571428571429,0.9387346836709177,Q4,False,False
43222,Disney Castle,Disney,2023,,4798,8,False,12.08,,18.63,24.75,49900,39999,4.9,38,Disney 100,12.08,7,8.336598582742809,0.16673614005835766,1.2475311882797069,Q4,False,False
43229,Ariel's Treasure Chest,Disney,2023,,365,1,False,12.1,,11.92,32.94,5981,4499,4.7,5,The Little Mermaid,8.32,11,12.326027397260274,0.273972602739726,1.329406534785508,Q4,False,False
31143,Birdhouse,Creator,2023,,476,,False,12.16,,5.99,16.64,3498,2999,4.8,35,3 in 1,4.27,15,6.300420168067227,0.0,1.1663887962654218,Q4,False,False
71761,Zane’s Power Up Mech EVO,NINJAGO,2022,,88,2,False,12.2,,,,1592,999,4.6,19,Core,,,11.352272727272727,2.272727272727273,1.5935935935935936,Q4,False,False
76951,Pyroraptor & Dilophosaurus Transport,Jurassic World,2022,,240,3,False,12.36,,,,5500,3999,4.7,29,Dominion,,,16.6625,1.25,1.3753438359589898,Q4,False,False
75256,Kylo Ren's Shuttle,Star Wars,2019,,979,6,False,12.39,,,,21500,12999,4.8,30,The Rise of Skywalker,,,13.277834525025536,0.6128702757916241,1.6539733825678897,Q4,False,False
75257,Millennium Falcon,Star Wars,2019,,1327,7,False,12.4,,,,19898,16999,4.8,31,The Rise of Skywalker,,,12.810097965335343,0.5275056518462697,1.1705394434966763,Q4,False,False
10325,Alpine Lodge,Creator,2023,,1495,5,False,12.41,,30.2,50.01,14999,9999,4.8,4,Winter Village,12.41,5,6.688294314381271,0.33444816053511706,1.5000500050005001,Q4,False,False
76947,Quetzalcoatlus Plane Ambush,Jurassic World,2022,,289,3,False,12.5,,,,6358,4499,4.7,6,Dominion,,,15.567474048442907,1.0380622837370241,1.41320293398533,Q4,False,False
10984,Organic Garden,DUPLO,2023,,43,,False,12.74,6.29,25.06,48.9,6699,4499,4.5,15,,4.74,237,104.62790697674419,0.0,1.488997555012225,Q4,False,False
76205,Gargantos Showdown​,Super Heroes,2022,,251,3,False,13.0,,,,2999,2999,4.7,28,Doctor Strange in the Multiverse of Madness,,,11.94820717131474,1.1952191235059761,1.0,Q4,False,False
10935,Alphabet Town,DUPLO,2023,,85,2,False,13.11,-0.75,3.96,43.41,7169,4999,4.5,8,,4.74,221,58.811764705882354,2.3529411764705883,1.4340868173634727,Q4,False,False
10785,Bakey with Cakey Fun,Gabby's Dollhouse,2023,,52,2,False,13.15,2.33,23.35,36.4,1499,1099,4.7,50,,1.53,2,21.134615384615383,3.8461538461538463,1.3639672429481347,Q4,False,False
75226,Inferno Squad Battle Pack,Star Wars,2019,,101,4,False,13.16,,,,6920,1499,4.8,45,Battlefront,,,14.841584158415841,3.9603960396039604,4.616410940627085,Q4,False,False
75232,Kylo Ren & Sith Trooper,BrickHeadz,2019,,240,,False,13.19,,,,3970,1999,4.8,28,Star Wars,,,8.329166666666667,0.0,1.9859929964982492,Q4,False,False
40626,Zombie,BrickHeadz,2023,,81,,False,13.2,,1.66,92.99,1928,999,4.7,39,Minecraft,16.05,2,12.333333333333334,0.0,1.92992992992993,Q4,False,False
71408,Peach's Castle - Expansion Set,Super Mario,2022,,975,5,False,13.33,,,,17816,12999,4.7,20,Expansion Set,,,13.332307692307692,0.5128205128205128,1.3705669666897453,Q4,False,False
70840,Welcome to Apocalypseburg!,The LEGO Movie 2,2019,,3107,13,False,13.46,,,,97660,29999,4.9,57,,,,9.65529449629868,0.41841004184100417,3.255441848061602,Q4,False,False
80039,The Heavenly Realms,Monkie Kid,2022,,2387,8,False,13.5,-1.01,4.55,60.55,30502,18999,4.7,30,Season 3,8.47,3,7.959363217427733,0.3351487222454964,1.6054529185746618,Q4,False,False
75233,Droid Gunship,Star Wars,2019,,373,4,False,13.61,,,,20292,4999,4.8,48,Episode III,,,13.402144772117962,1.0723860589812333,4.059211842368474,Q4,False,False
11031,Creative Monkey Fun,Classic,2023,,135,,False,13.64,4.89,38.38,99.8,1996,999,4.7,14,Creative Fun,3.26,2,7.4,0.0,1.997997997997998,Q4,False,False
31144,Exotic Pink Parrot,Creator,2023,,253,,False,13.85,,-1.24,32.02,2639,1999,4.8,22,3 in 1,4.27,18,7.901185770750988,0.0,1.32016008004002,Q4,False,False
75258,Anakin's Podracer – 20th Anniversary Edition,Star Wars,2019,,266,3,False,14.04,,,,5948,2999,4.8,30,Episode I,,,11.274436090225564,1.1278195488721803,1.9833277759253085,Q4,False,False
40632,Aragorn & Arwen,BrickHeadz,2023,,261,,False,14.19,,-4.81,38.37,2766,1999,4.8,4,The Lord of the Rings,19.77,3,7.659003831417625,0.0,1.3836918459229615,Q4,False,False
75227,Darth Vader Bust,Star Wars,2019,,327,,False,14.21,,,,12813,3999,4.9,21,Promotional,,,12.229357798165138,0.0,3.2040510127531885,Q4,False,False
76219,Spider-Man & Green Goblin Mech Battle,Super Heroes,2022,,289,2,False,14.51,,,,4000,1999,4.7,32,Spider-Man,,,6.916955017301038,0.6920415224913495,2.001000500250125,Q4,False,False
10988,The Bus Ride,DUPLO,2023,,13,3,False,14.53,11.13,18.83,42.67,2852,1999,4.6,15,,4.74,116,153.76923076923077,23.076923076923077,1.4267133566783392,Q4,False,False
75571,Neytiri & Thanator vs. AMP Suit Quaritch,Avatar,2022,,551,2,False,14.8,,,,7673,4499,4.7,21,,,,8.165154264972777,0.3629764065335753,1.7054901089130918,Q4,False,False
76203,Iron Man Mech Armor,Super Heroes,2022,,127,1,False,14.85,,,,1602,999,4.6,37,Avengers,,,7.866141732283465,0.7874015748031495,1.6036036036036037,Q4,False,False
71773,Kai's Golden Dragon Raider,NINJAGO,2022,,586,7,False,14.93,,,,14782,8999,4.7,26,Crystalized,,,15.356655290102388,1.1945392491467577,1.64262695855095,Q4,False,False
70847,Good Morning Sparkle Babies!,The LEGO Movie 2,2019,,38,4,False,15.06,,,,3405,999,4.8,41,,,,26.289473684210527,10.526315789473683,3.4084084084084085,Q4,False,False
31209,The Amazing Spider-Man,Art,2099,,2099,,False,15.07,,19.41,40.4,28079,19999,4.8,40,,7.93,15,9.527870414483088,0.0,1.4040202010100504,Q4,False,False
76406,Hungarian Horntail Dragon,Harry Potter,2022,,667,1,False,15.1,,,,6858,4999,4.8,33,Characters Sculptures,,,7.494752623688156,0.14992503748125938,1.371874374874975,Q4,False,False
40613,Mini Disney Palace of Agrabah,Disney,2023,,506,,False,15.86,5.45,24.66,66.49,6658,3999,4.7,27,Aladdin,9.31,1,7.903162055335969,0.0,1.6649162290572643,Q4,False,False
75573,Floating Mountains: Site 26 & RDA Samson,Avatar,2022,,865,5,False,15.92,,,,9929,9999,4.7,53,,,,11.559537572254335,0.5780346820809248,0.992999299929993,Q4,False,False
75320,Snowtrooper Battle Pack,Star Wars,2022,,89,4,False,16.03,,,,2853,1999,4.7,24,Episode V,,,22.46067415730337,4.49438202247191,1.4272136068034016,Q4,False,False
40621,Moana & Merida,BrickHeadz,2023,,410,,False,16.07,,-3.39,41.47,2828,1999,4.7,24,Disney,11.14,15,4.875609756097561,0.0,1.4147073536768384,Q4,False,False
76401,Hogwarts Courtyard: Sirius's Rescue,Harry Potter,2022,,333,3,False,16.13,,,,6996,4999,4.7,33,Prisoner of Azkaban,,,15.012012012012011,0.9009009009009009,1.3994798959791959,Q4,False,False
41805,Creative Animal Drawer,Dots,2023,,643,,False,16.19,8.6,25.91,40.06,3500,2499,4.6,41,Accessories,3.57,15,3.8864696734059097,0.0,1.4005602240896358,Q4,False,False
76202,Wolverine Mech Armor,Super Heroes,2022,,138,1,False,16.19,,,,1654,999,4.7,13,X-Men,,,7.239130434782608,0.7246376811594203,1.6556556556556556,Q4,False,False
76989,Horizon Forbidden West: Tallneck,Horizon,2022,,1190,2,False,16.34,,,,12645,8999,4.8,33,Licensed,,,7.56218487394958,0.16806722689075632,1.4051561284587177,Q4,False,False
42152,Firefighter Aircraft,Technic,2023,,1134,,False,16.35,,8.91,40.0,13999,9999,4.7,14,,4.14,115,8.817460317460318,0.0,1.4000400040004,Q4,False,False
41742,Cat Hotel,Friends,2023,,437,2,False,16.9,,,83.23,5495,2999,4.7,17,Heartlake City,3.98,48,6.862700228832952,0.4576659038901602,1.832277425808603,Q4,False,False
42150,Monster Jam Monster Mutt Dalmatian,Technic,2023,,244,,False,16.96,1.95,15.05,42.97,2858,1999,4.7,36,Monster Jam,18.6,4,8.192622950819672,0.0,1.4297148574287144,Q4,False,False
42149,Monster Jam Dragon,Technic,2023,,217,,False,17.7,2.65,13.63,46.47,2928,1999,4.7,28,Monster Jam,18.6,6,9.211981566820276,0.0,1.4647323661830915,Q4,False,False
40616,Harry Potter & Cho Chang,BrickHeadz,2023,,267,,False,17.99,,15.92,60.58,3210,1999,4.7,21,Wizarding World,7.64,4,7.48689138576779,0.0,1.6058029014507254,Q4,False,False
40587,Easter Basket,Holiday & Event,2023,,368,,False,18.26,,21.25,,1995,,4.7,20,Easter,6.48,1,0.0,0.0,,Q4,False,False
75234,AT-AP Walker,Star Wars,2019,,668,5,False,18.27,,,,27924,5999,4.9,49,Episode III,,,8.980538922155688,0.7485029940119761,4.654775795965994,Q4,False,False
10996,Lightning McQueen & Mater's Car Wash Fun,DUPLO,2023,,23,2,False,18.34,5.2,19.16,61.02,4829,2999,4.7,13,Cars,6.33,1,130.3913043478261,8.695652173913043,1.6102034011337112,Q4,False,False
71768,Jay's Golden Dragon Motorbike,NINJAGO,2022,,121,2,False,18.56,,,,3499,1999,4.7,23,Crystalized,,,16.520661157024794,1.6528925619834711,1.750375187593797,Q4,False,False
76906,1970 Ferrari 512 M,SPEED CHAMPIONS,2022,,286,1,False,18.81,,,,2498,1999,4.8,48,Ferrari,,,6.989510489510489,0.34965034965034963,1.249624812406203,Q4,False,False
21338,A-Frame Cabin,LEGO Ideas (CUUSOO),2065,,2065,4,False,18.86,,11.53,25.78,22639,17999,4.8,20,,5.86,20,8.716222760290558,0.1937046004842615,1.2577920995610867,Q4,False,False
40624,Alex,BrickHeadz,2023,,86,,False,18.91,,1.04,50.15,1500,999,4.7,37,Minecraft,16.05,3,11.616279069767442,0.0,1.5015015015015014,Q4,False,False
76220,Batman versus Harley Quinn,Super Heroes,2022,,33,2,False,18.91,,,,1496,999,4.7,22,Batman,,,30.272727272727273,6.0606060606060606,1.4974974974974975,Q4,False,False
40625,Llama,BrickHeadz,2023,,100,,False,19.0,0.65,1.05,92.99,1928,999,4.7,38,Minecraft,16.05,1,9.99,0.0,1.92992992992993,Q4,False,False
10990,Construction Site,DUPLO,2023,,58,3,False,19.19,,34.75,107.2,13466,6499,4.7,11,,4.74,144,112.05172413793103,5.172413793103448,2.0720110786274812,Q4,False,False
40639,Bird's Nest,Holiday & Event,2023,,232,,False,19.23,,0.01,50.65,1957,1299,4.7,16,Easter,6.48,6,5.599137931034483,0.0,1.506543494996151,Q4,False,False
60358,Cyber Stunt Bike,Town,2023,,7,1,False,19.29,0.22,4.73,87.73,1500,799,4.7,23,Stuntz,3.99,17,114.14285714285714,14.285714285714285,1.8773466833541927,Q5_best,False,False
41757,Botanical Garden,Friends,2023,,1059,3,False,19.66,2.5,16.01,28.27,10260,7999,4.7,20,,6.1,2,7.553352219074599,0.28328611898017,1.2826603325415677,Q5_best,False,False
76173,Spider-Man and Ghost Rider vs. Carnage,Super Heroes,2021,2022,194,3,False,19.89,,,,4146,1999,4.7,30,Spider-Man,,,10.304123711340207,1.5463917525773196,2.0740370185092547,Q5_best,False,False
21240,The Swamp Adventure,Minecraft,2023,,59,2,False,20.01,4.15,-3.01,41.64,1415,999,4.7,34,Minifig-scale,6.33,10,16.93220338983051,3.389830508474576,1.4164164164164164,Q5_best,False,False
40641,Birthday Cake,Holiday & Event,2023,,203,2,False,20.11,1.31,1.39,63.44,2450,1499,4.6,21,Birthday,5.81,4,7.384236453201971,0.9852216748768473,1.6344229486324215,Q5_best,False,False
76949,Giganotosaurus & Therizinosaurus Attack,Jurassic World,2022,,760,6,False,20.38,,,,24929,13999,4.7,36,Dominion,,,18.419736842105262,0.7894736842105263,1.780770055003929,Q5_best,False,False
71775,Nya's Samurai X MECH,NINJAGO,2022,,971,8,False,20.47,,,,22861,11999,4.7,28,Crystalized,,,12.357363542739444,0.8238928939237898,1.9052421035086258,Q5_best,False,False
40642,Gingerbread Ornaments,Holiday & Event,2023,,190,,False,20.67,3.4,-3.04,25.1,1625,1299,4.7,25,Christmas,4.85,20,6.836842105263158,0.0,1.2509622786759045,Q5_best,False,False
40631,Gandalf the Grey & Balrog,BrickHeadz,2023,,348,,False,20.76,,-4.03,96.5,3928,1999,4.8,30,The Lord of the Rings,19.77,2,5.744252873563219,0.0,1.9649824912456229,Q5_best,False,False
40617,Draco Malfoy & Cedric Diggory,BrickHeadz,2023,,262,,False,21.3,,0.03,74.94,3497,1999,4.7,22,Wizarding World,7.64,9,7.629770992366412,0.0,1.7493746873436717,Q5_best,False,False
40644,Piñata {Pinata},Holiday & Event,2023,,206,,False,21.7,2.8,1.0,60.06,1599,999,4.7,43,,4.6,72,4.849514563106796,0.0,1.6006006006006006,Q5_best,False,False
43226,Disney Duos,Disney,2023,,553,,False,21.81,,23.68,49.03,6705,4499,4.8,13,Disney 100,12.08,8,8.135623869801085,0.0,1.4903311847077128,Q5_best,False,False
40620,Cruella & Maleficent,BrickHeadz,2023,,320,,False,22.01,,1.01,24.96,2498,1999,4.7,23,Disney,11.14,10,6.246875,0.0,1.249624812406203,Q5_best,False,False
76218,Sanctum Sanctorum,Super Heroes,2022,,2672,9,False,22.05,,,,37904,24999,4.8,34,Doctor Strange in the Multiverse of Madness,,,9.355913173652695,0.33682634730538924,1.516220648825953,Q5_best,False,False
40628,"Miles ""Tails"" Prower",BrickHeadz,2023,,131,,False,22.19,,-2.54,105.81,2056,999,4.7,29,Sonic the Hedgehog,24.65,2,7.625954198473282,0.0,2.058058058058058,Q5_best,False,False
76407,The Shrieking Shack & Whomping Willow,Harry Potter,2022,,750,7,False,22.23,,,,17499,8999,4.8,32,Prisoner of Azkaban,,,11.998666666666667,0.9333333333333335,1.944549394377153,Q5_best,False,False
10321,Corvette,Creator,2023,,1210,,False,22.24,,3.99,30.64,19594,14999,4.8,45,Vehicles,6.28,15,12.395867768595041,0.0,1.3063537569171277,Q5_best,False,False
40615,Tusken Raider,BrickHeadz,2023,,152,,False,22.25,,0.59,50.05,1499,999,4.7,21,Star Wars,10.02,4,6.572368421052632,0.0,1.5005005005005005,Q5_best,False,False
10981,Growing Carrot,DUPLO,2023,,11,,False,22.44,3.49,21.35,50.05,1499,999,4.6,15,,4.74,93,90.81818181818181,0.0,1.5005005005005005,Q5_best,False,False
43214,Twirling Rapunzel,Disney,2023,,83,1,False,22.62,3.71,28.95,59.06,1589,999,4.7,19,Tangled,5.56,1,12.036144578313253,1.2048192771084338,1.5905905905905906,Q5_best,False,False
31210,Modern Art,Art,2023,,805,,False,22.65,,23.9,60.03,8000,4999,4.7,53,,7.93,20,6.209937888198758,0.0,1.6003200640128026,Q5_best,False,False
31135,Vintage Motorcycle,Creator,2023,,128,,False,22.69,4.84,24.9,33.42,2000,1499,4.7,30,3 in 1,4.27,68,11.7109375,0.0,1.33422281521014,Q5_best,False,False
76956,T. rex Breakout,Jurassic World,2022,,1196,4,False,23.25,,,,15996,9999,4.9,31,Jurassic Park,,,8.360367892976589,0.33444816053511706,1.5997599759975998,Q5_best,False,False
43227,Villain Icons,Disney,2023,,1521,4,False,23.94,3.96,17.83,33.52,17356,12999,4.8,14,Disney 100,12.08,6,8.546351084812624,0.26298487836949375,1.3351796292022464,Q5_best,False,False
71770,Zane's Golden Dragon Jet,NINJAGO,2022,,231,3,False,24.32,,,,7453,3499,4.7,23,Crystalized,,,15.147186147186147,1.2987012987012987,2.1300371534724207,Q5_best,False,False
21250,The Iron Golem Fortress,Minecraft,2023,,799,6,False,24.41,4.31,19.34,56.7,17235,10999,4.8,21,Minifig-scale,6.33,78,13.76595744680851,0.7509386733416771,1.5669606327847987,Q5_best,False,False
76398,Hogwarts Hospital Wing,Harry Potter,2022,,494,4,False,26.19,,,,8432,4999,4.8,32,Prisoner of Azkaban,,,10.119433198380566,0.8097165991902834,1.686737347469494,Q5_best,False,False
76908,Lamborghini Countach,SPEED CHAMPIONS,2022,,257,1,False,26.27,,,,2728,1999,4.8,47,Lamborghini,,,7.778210116731517,0.38910505836575876,1.3646823411705853,Q5_best,False,False
11030,Lots of Bricks,Classic,2023,,1000,,False,26.28,5.49,23.19,76.26,10574,5999,4.7,16,,5.88,57,5.999,0.0,1.7626271045174196,Q5_best,False,False
41747,Heartlake City Community Kitchen,Friends,2023,,680,4,False,26.39,6.22,22.07,138.65,16226,6799,4.6,16,Heartlake City,3.98,32,9.998529411764705,0.5882352941176471,2.386527430504486,Q5_best,False,False
71765,Ninja Ultra Combo Mech,NINJAGO,2022,,1067,7,False,26.94,,,,15999,8999,4.7,12,Core,,,8.433926897844424,0.6560449859418931,1.777864207134126,Q5_best,False,False
40627,Sonic the Hedgehog,BrickHeadz,2023,,139,,False,27.11,1.31,-3.31,120.12,2199,999,4.8,29,Sonic the Hedgehog,24.65,1,7.18705035971223,0.0,2.201201201201201,Q5_best,False,False
70841,Benny's Space Squad,The LEGO Movie 2,2019,,40,5,False,27.23,,,,4590,999,4.8,26,,,,24.975,12.5,4.594594594594595,Q5_best,False,False
21242,The End Arena,Minecraft,2023,,230,3,False,27.38,6.16,,71.43,4284,2499,4.7,34,Minifig-scale,6.33,50,10.865217391304348,1.3043478260869565,1.7142857142857142,Q5_best,False,False
21241,The Bee Cottage,Minecraft,2023,,249,2,False,27.61,6.0,23.87,80.03,4499,2499,4.7,34,Minifig-scale,6.33,31,10.036144578313253,0.8032128514056224,1.8003201280512204,Q5_best,False,False
75572,Jake & Neytiri's First Banshee Flight,Avatar,2022,,562,2,False,27.93,,,,11867,5999,4.7,54,,,,10.674377224199288,0.3558718861209964,1.9781630271711952,Q5_best,False,False
41801,My Pets Bracelet,Dots,2023,,37,,False,28.1,2.67,36.79,191.32,1745,599,4.6,34,,4.87,68,16.18918918918919,0.0,2.9131886477462436,Q5_best,False,False
40651,Australia Postcard,Creator,2023,,191,,False,28.44,,1.04,74.05,2609,1499,4.7,47,Postcard,17.92,4,7.848167539267016,0.0,1.7404936624416278,Q5_best,False,False
10790,Green Goblin's Lighthouse,Super Heroes,2023,,133,4,False,28.95,7.85,32.94,142.87,8498,3499,4.6,6,Spider-Man,10.3,48,26.30827067669173,3.007518796992481,2.428693912546442,Q5_best,False,False
21245,The Panda Haven,Minecraft,2023,,544,2,False,29.34,6.03,,143.55,12175,4999,4.7,35,Minifig-scale,6.33,67,9.189338235294118,0.3676470588235294,2.4354870974194838,Q5_best,False,False
76408,12 Grimmauld Place,Harry Potter,2022,,1048,9,False,29.4,,,,24612,11999,4.8,32,Order of the Phoenix,,,11.44942748091603,0.8587786259541985,2.051170930910909,Q5_best,False,False
76209,Thor's Hammer,Super Heroes,2022,,974,1,False,29.4,,,,22048,9999,4.8,17,,,,10.265913757700206,0.10266940451745381,2.205020502050205,Q5_best,False,False
21340,Tales of the Space Age,LEGO Ideas (CUUSOO),2023,,688,,False,30.15,2.31,7.95,62.95,8146,4999,4.7,29,,5.86,41,7.265988372093023,0.0,1.6295259051810362,Q5_best,False,False
75335,BD-1,Star Wars,2022,,1061,1,False,30.4,,,,19999,9999,4.7,35,Jedi Fallen Order,,,9.424128180961358,0.0942507068803016,2.0001000100010002,Q5_best,False,False
76912,Fast & Furious 1970 Dodge Charger R/T,SPEED CHAMPIONS,2022,,342,1,False,30.4,,,,6996,1999,4.9,23,Dodge,,,5.845029239766082,0.29239766081871343,3.4997498749374687,Q5_best,False,False
76230,Venom,Super Heroes,2022,,297,,False,30.4,,,,6999,2499,4.8,26,Spider-Man,,,8.414141414141413,0.0,2.800720288115246,Q5_best,False,False
40575,Year of the Rabbit,Holiday & Event,2023,,193,,False,30.4,1.93,-2.11,,1059,,4.8,29,Chinese New Year,8.16,5,0.0,0.0,,Q5_best,False,False
71774,Lloyd's Golden Ultra Dragon,NINJAGO,2022,,944,9,False,30.4,,,,29464,14999,4.8,27,Crystalized,,,15.888771186440678,0.9533898305084746,1.964397626508434,Q5_best,False,False
10987,Recycling Truck,DUPLO,2023,,14,1,False,30.7,0.64,,153.73,5072,1999,4.6,53,,4.74,258,142.78571428571428,7.142857142857142,2.5372686343171584,Q5_best,False,False
76223,Nano Gauntlet,Super Heroes,2022,,675,,False,31.3,,,,17999,6999,4.8,39,Avengers: Endgame,,,10.36888888888889,0.0,2.5716530932990427,Q5_best,False,False
21246,The Deep Dark Battle,Minecraft,2023,,508,3,False,31.4,,15.71,68.03,10920,6499,4.7,36,Minifig-scale,6.33,43,12.793307086614174,0.5905511811023622,1.6802585013078934,Q5_best,False,False
21247,The Axolotl House,Minecraft,2023,,236,2,False,31.4,,0.01,159.36,7000,2699,4.8,20,Minifig-scale,6.33,77,11.436440677966102,0.847457627118644,2.5935531678399406,Q5_best,False,False
40630,Frodo & Gollum,BrickHeadz,2023,,184,,False,31.4,,14.81,66.71,2499,1499,4.8,26,The Lord of the Rings,19.77,1,8.146739130434783,0.0,1.6671114076050702,Q5_best,False,False
45824,FIRST LEGO League (FLL) Explore 2023 - Masterpiece Explore Set,FIRST LEGO League,2023,,761,11,False,31.4,,4.36,212.67,23450,7500,4.6,20,FIRST LEGO League,4.58,19,9.85545335085414,1.445466491458607,3.1266666666666665,Q5_best,False,False
40590,Houses of the World 2,Promotional,2023,,270,,False,32.3,1.88,-3.54,,3016,,4.7,25,Houses of the World,16.53,3,0.0,0.0,,Q5_best,False,False
40593,Fun Creativity 12-in-1,Promotional,2023,,279,,False,32.3,4.0,18.38,,740,,4.6,43,Gift with Purchase,9.73,12,0.0,0.0,,Q5_best,False,False
40580,Blacktron Cruiser,Space,2023,,343,2,False,33.2,4.89,3.38,,4139,,4.8,33,Space,6.08,4,0.0,0.5830903790087464,,Q5_best,False,False
40581,BIONICLE Tahu and Takua,BIONICLE,2023,,219,,False,33.2,,14.25,,2499,,4.8,32,,6.65,40,0.0,0.0,,Q5_best,False,False
40583,Houses of the World 1,Promotional,2023,,348,,False,33.2,0.66,-2.16,,2747,,4.7,24,Houses of the World,16.53,1,0.0,0.0,,Q5_best,False,False
40585,World of Wonders,Promotional,2023,,382,,False,33.2,,-3.38,,2499,,4.7,30,Promotional,8.15,14,0.0,0.0,,Q5_best,False,False
40586,Moving Truck,Promotional,2023,,293,2,False,33.2,1.06,0.09,,3359,,4.8,29,Promotional,10.5,2,0.0,0.6825938566552902,,Q5_best,False,False
40588,Flowerpot,Promotional,2023,,292,,False,33.2,-0.14,-2.25,,4029,,4.7,22,Botanical Collection,5.83,1,0.0,0.0,,Q5_best,False,False
40589,Pirate Ship Playground,Promotional,2023,,160,2,False,33.2,,2.34,,1499,,4.7,22,Gift With Purchase,9.73,8,0.0,1.25,,Q5_best,False,False
40594,Houses of the World 3,Promotional,2023,,278,,False,33.2,,-3.31,,2729,,4.7,27,Houses of the World,16.53,2,0.0,0.0,,Q5_best,False,False
40597,Scary Pirate Island,Creator,2023,,210,1,False,33.2,,1.07,,1731,,4.7,10,Promotional,4.88,1,0.0,0.4761904761904762,,Q5_best,False,False
40599,Houses of the World 4,Promotional,2023,,318,,False,33.2,,-3.02,,2973,,4.7,26,Houses of the World,16.53,4,0.0,0.0,,Q5_best,False,False
40600,Disney 100 Years Celebration,Disney,2023,,223,1,False,33.2,1.75,-1.76,,2499,,4.8,37,Disney 100,12.08,4,0.0,0.4484304932735426,,Q5_best,False,False
40659,Mini Steamboat Willie,Disney,2023,,420,1,False,33.2,,3.83,,4602,,4.8,31,Disney 100,12.08,5,0.0,0.2380952380952381,,Q5_best,False,False
40604,Christmas Decor Set,Holiday & Event,2023,,182,,False,34.2,,1.48,,2029,,4.7,43,Christmas,4.85,11,0.0,0.0,,Q5_best,False,False
