set_number,title,theme,actual_growth,avoid,rf_theme_decay,rf_expensive,rf_low_minifigs,rf_weak_subtheme,rf_weak_theme,rf_overpriced,rf_composite,rf_flag_count
71403,Adventures with Peach - Starter Course,Super Mario,6.489999771118164,0,30.0,70.0,25.0,10.0,70.0,40.0,40.75,2
71405,Fuzzy Flippers - Expansion Set,Super Mario,2.5,1,30.0,50.0,25.0,10.0,70.0,10.0,33.25,1
71406,Yoshi's Gift House - Expansion Set,Super Mario,4.320000171661377,1,30.0,50.0,45.0,30.0,70.0,20.0,41.75,1
71407,Cat Peach Suit and Frozen Tower - Expansion Set,Super Mario,4.300000190734863,1,30.0,70.0,45.0,10.0,70.0,40.0,43.75,2
71408,Peach's Castle - Expansion Set,Super Mario,13.329999923706055,0,30.0,50.0,45.0,90.0,70.0,60.0,59.75,3
71410,"Character, Super Mario, Series 5 (Complete Series of 8 Complete Character Sets)",Super Mario,10.319999694824219,0,30.0,10.0,85.0,10.0,70.0,10.0,36.25,2
71411,The Mighty Bowser,Super Mario,6.519999980926514,0,30.0,30.0,85.0,10.0,70.0,80.0,49.75,3
71412,Big Bad Island - Expansion Set,Super Mario,3.4600000381469727,1,30.0,90.0,10.0,30.0,70.0,20.0,42.5,2
71757,Lloyd's Ninja Mech,NINJAGO,10.3100004196167,0,30.0,70.0,10.0,10.0,45.0,10.0,29.0,1
71759,Ninja Dragon Temple,NINJAGO,11.6899995803833,0,30.0,90.0,10.0,10.0,45.0,20.0,33.5,1
71760,Jay’s Thunder Dragon EVO,NINJAGO,6.619999885559082,0,30.0,50.0,25.0,10.0,45.0,10.0,28.25,0
71761,Zane’s Power Up Mech EVO,NINJAGO,12.199999809265137,0,30.0,30.0,10.0,10.0,45.0,10.0,23.0,0
71762,Kai’s Fire Dragon EVO,NINJAGO,5.440000057220459,0,30.0,70.0,25.0,10.0,25.0,20.0,28.75,1
71764,Ninja Training Center,NINJAGO,6.139999866485596,0,30.0,10.0,45.0,10.0,25.0,20.0,22.75,0
71765,Ninja Ultra Combo Mech,NINJAGO,26.940000534057617,0,30.0,30.0,45.0,30.0,45.0,40.0,36.75,0
71766,Lloyd’s Legendary Dragon,NINJAGO,6.789999961853027,0,30.0,30.0,45.0,10.0,45.0,40.0,32.75,0
71767,Ninja Dojo Temple,NINJAGO,6.619999885559082,0,30.0,10.0,45.0,10.0,45.0,60.0,32.75,1
71768,Jay's Golden Dragon Motorbike,NINJAGO,18.559999465942383,0,30.0,50.0,25.0,10.0,45.0,10.0,28.25,0
71769,Cole's Dragon Cruiser,NINJAGO,11.640000343322754,0,30.0,50.0,25.0,10.0,45.0,20.0,29.75,0
71770,Zane's Golden Dragon Jet,NINJAGO,24.31999969482422,0,30.0,50.0,25.0,10.0,45.0,20.0,29.75,0
71771,The Crystal King Temple,NINJAGO,5.039999961853027,0,30.0,30.0,45.0,10.0,25.0,40.0,28.75,0
71772,The Crystal King,NINJAGO,5.179999828338623,0,30.0,30.0,45.0,10.0,25.0,40.0,28.75,0
71773,Kai's Golden Dragon Raider,NINJAGO,14.930000305175781,0,30.0,50.0,25.0,10.0,45.0,40.0,32.75,0
71774,Lloyd's Golden Ultra Dragon,NINJAGO,30.399999618530273,0,30.0,50.0,45.0,10.0,45.0,60.0,38.75,1
71775,Nya's Samurai X MECH,NINJAGO,20.469999313354492,0,30.0,50.0,45.0,10.0,45.0,60.0,38.75,1
71776,Jay and Nya's Race Car EVO,NINJAGO,5.869999885559082,0,30.0,30.0,45.0,10.0,25.0,40.0,28.75,0
75320,Snowtrooper Battle Pack,Star Wars,16.030000686645508,0,30.0,70.0,10.0,50.0,70.0,10.0,42.0,2
75321,The Razor Crest Microfighter,Star Wars,9.510000228881836,0,30.0,30.0,25.0,30.0,70.0,10.0,34.25,1
75322,Hoth AT-ST,Star Wars,9.300000190734863,0,30.0,30.0,45.0,30.0,70.0,40.0,41.75,1
75323,The Justifier,Star Wars,6.5,0,30.0,50.0,65.0,10.0,70.0,60.0,46.75,3
75324,Dark Trooper Attack,Star Wars,4.599999904632568,1,30.0,70.0,10.0,10.0,70.0,20.0,35.5,2
75326,Boba Fett's Throne Room,Star Wars,4.599999904632568,1,30.0,50.0,45.0,10.0,70.0,60.0,43.75,2
75327,Luke Skywalker (Red Five) Helmet,Star Wars,7.599999904632568,0,30.0,30.0,85.0,10.0,70.0,40.0,43.75,2
75329,Death Star Trench Run Diorama,Star Wars,5.360000133514404,0,30.0,30.0,85.0,70.0,70.0,40.0,55.75,3
75330,Dagobah Jedi Training Diorama,Star Wars,5.360000133514404,0,30.0,30.0,65.0,70.0,70.0,40.0,52.75,3
75331,The Razor Crest - UCS,Star Wars,7.050000190734863,0,30.0,30.0,85.0,10.0,70.0,80.0,49.75,3
75332,AT-ST,Star Wars,7.0,0,30.0,90.0,10.0,10.0,70.0,20.0,38.5,2
75334,Obi-Wan Kenobi vs. Darth Vader,Star Wars,7.300000190734863,0,30.0,50.0,25.0,10.0,70.0,40.0,37.75,1
75335,BD-1,Star Wars,30.399999618530273,0,30.0,30.0,85.0,10.0,70.0,60.0,46.75,3
75336,Inquisitor Transport Scythe,Star Wars,5.0,0,30.0,30.0,65.0,10.0,70.0,60.0,43.75,3
75338,Ambush on Ferrix,Star Wars,6.130000114440918,0,30.0,30.0,65.0,10.0,70.0,40.0,40.75,2
75339,Death Star Trash Compactor Diorama,Star Wars,3.819999933242798,1,30.0,30.0,45.0,70.0,70.0,40.0,49.75,2
75340,"Advent Calendar 2022, Star Wars (Day 24) - Festive R2-D2",Holiday & Event,3.119999885559082,1,50.0,50.0,10.0,90.0,45.0,20.0,46.5,1
75342,Republic Fighter Tank,Star Wars,6.079999923706055,0,30.0,50.0,10.0,10.0,70.0,20.0,32.5,1
75343,Dark Trooper Helmet,Star Wars,10.510000228881836,0,30.0,30.0,85.0,10.0,70.0,40.0,43.75,2
75571,Neytiri & Thanator vs. AMP Suit Quaritch,Avatar,14.800000190734863,0,10.0,30.0,65.0,10.0,45.0,20.0,29.75,1
75572,Jake & Neytiri's First Banshee Flight,Avatar,27.93000030517578,0,10.0,30.0,65.0,10.0,45.0,40.0,32.75,1
75573,Floating Mountains: Site 26 & RDA Samson,Avatar,15.920000076293945,0,10.0,30.0,45.0,10.0,45.0,60.0,32.75,1
75574,Toruk Makto & Tree of Souls,Avatar,8.140000343322754,0,10.0,50.0,65.0,10.0,25.0,60.0,34.75,2
76202,Wolverine Mech Armor,Super Heroes,16.190000534057617,0,30.0,10.0,45.0,10.0,45.0,10.0,25.25,0
76203,Iron Man Mech Armor,Super Heroes,14.850000381469727,0,30.0,10.0,45.0,10.0,45.0,10.0,25.25,0
76204,Black Panther Mech Armor,Super Heroes,10.279999732971191,0,30.0,30.0,45.0,10.0,45.0,10.0,28.25,0
76205,Gargantos Showdown​,Super Heroes,13.0,0,30.0,30.0,25.0,10.0,45.0,20.0,26.75,0
76206,Iron Man Figure,Super Heroes,7.75,0,30.0,30.0,85.0,10.0,45.0,20.0,35.75,1
76207,Attack on New Asgard,Super Heroes,6.25,0,30.0,50.0,10.0,10.0,25.0,10.0,22.0,0
76208,The Goat Boat,Super Heroes,6.25,0,30.0,30.0,45.0,10.0,25.0,40.0,28.75,0
76209,Thor's Hammer,Super Heroes,29.399999618530273,0,30.0,30.0,85.0,10.0,45.0,60.0,41.75,2
76210,Hulkbuster,Super Heroes,3.319999933242798,1,30.0,50.0,85.0,10.0,25.0,80.0,43.75,2
76211,Shuri's Sunbird,Super Heroes,2.619999885559082,1,30.0,50.0,25.0,70.0,25.0,40.0,40.75,1
76212,Shuri's Lab,Super Heroes,4.21999979019165,1,30.0,70.0,10.0,90.0,25.0,10.0,41.0,2
76213,King Namor's Throne Room,Super Heroes,4.510000228881836,1,30.0,30.0,45.0,90.0,25.0,20.0,41.75,1
76214,Black Panther: War on the Water,Super Heroes,6.25,0,30.0,50.0,45.0,10.0,25.0,40.0,31.75,0
76215,Black Panther,Super Heroes,4.510000228881836,1,30.0,30.0,85.0,90.0,25.0,80.0,56.75,3
76216,Iron Man Armory,Super Heroes,6.25,0,30.0,70.0,25.0,10.0,25.0,40.0,31.75,1
76217,I am Groot,Super Heroes,6.460000038146973,0,30.0,30.0,85.0,10.0,25.0,40.0,34.75,1
76218,Sanctum Sanctorum,Super Heroes,22.049999237060547,0,30.0,30.0,65.0,10.0,45.0,80.0,41.75,2
76219,Spider-Man & Green Goblin Mech Battle,Super Heroes,14.510000228881836,0,30.0,10.0,45.0,10.0,45.0,10.0,25.25,0
76220,Batman versus Harley Quinn,Super Heroes,18.90999984741211,0,30.0,90.0,10.0,10.0,45.0,10.0,32.0,1
76223,Nano Gauntlet,Super Heroes,31.299999237060547,0,30.0,30.0,85.0,10.0,45.0,40.0,38.75,1
76225,Miles Morales,Super Heroes,5.579999923706055,0,30.0,30.0,85.0,10.0,25.0,20.0,31.75,1
76226,Spider-Man,Super Heroes,5.940000057220459,0,30.0,30.0,85.0,10.0,25.0,20.0,31.75,1
76230,Venom,Super Heroes,30.399999618530273,0,30.0,30.0,85.0,10.0,45.0,20.0,35.75,1
76231,"Advent Calendar 2022, Super Heroes, Guardians of the Galaxy (Day 24) - Drax in Holiday Sweater with Silverware and Infinity Stones",Holiday & Event,1.25,1,50.0,50.0,10.0,90.0,45.0,20.0,46.5,1
76396,Hogwarts Moment: Divination Class,Harry Potter,5.769999980926514,0,70.0,30.0,25.0,10.0,25.0,20.0,28.75,1
76397,Hogwarts Moment: Defence Against the Dark Arts Class,Harry Potter,6.329999923706055,0,70.0,50.0,25.0,10.0,25.0,20.0,31.75,1
76398,Hogwarts Hospital Wing,Harry Potter,26.190000534057617,0,70.0,30.0,45.0,10.0,45.0,40.0,38.75,1
76400,Hogwarts Carriage and Thestrals,Harry Potter,6.329999923706055,0,70.0,50.0,25.0,10.0,25.0,10.0,30.25,1
76401,Hogwarts Courtyard: Sirius's Rescue,Harry Potter,16.1299991607666,0,70.0,50.0,45.0,10.0,45.0,40.0,41.75,1
76402,Hogwarts: Dumbledore's Office,Harry Potter,6.639999866485596,0,70.0,50.0,45.0,10.0,25.0,40.0,37.75,1
76403,The Ministry of Magic,Harry Potter,4.599999904632568,1,70.0,30.0,25.0,10.0,25.0,60.0,34.75,2
76405,Hogwarts Express - Collectors' Edition,Harry Potter,11.6899995803833,0,70.0,30.0,65.0,10.0,45.0,80.0,47.75,3
76406,Hungarian Horntail Dragon,Harry Potter,15.100000381469727,0,70.0,10.0,85.0,10.0,45.0,40.0,41.75,2
76407,The Shrieking Shack & Whomping Willow,Harry Potter,22.229999542236328,0,70.0,30.0,45.0,10.0,45.0,40.0,38.75,1
76408,12 Grimmauld Place,Harry Potter,29.399999618530273,0,70.0,30.0,45.0,10.0,45.0,60.0,41.75,2
76830,Zyclops Chase,Lightyear,5.929999828338623,0,50.0,90.0,10.0,70.0,45.0,10.0,47.0,2
76831,Zurg Battle,Lightyear,5.929999828338623,0,50.0,50.0,45.0,70.0,45.0,20.0,47.75,1
76832,XL-15 Spaceship,Lightyear,5.929999828338623,0,50.0,30.0,45.0,70.0,45.0,40.0,47.75,1
76906,1970 Ferrari 512 M,SPEED CHAMPIONS,18.809999465942383,0,30.0,10.0,65.0,10.0,25.0,10.0,24.25,1
76908,Lamborghini Countach,SPEED CHAMPIONS,26.270000457763672,0,30.0,10.0,65.0,10.0,45.0,10.0,28.25,1
76909,Mercedes-AMG F1 W12 E Performance & Mercedes-AMG Project One,SPEED CHAMPIONS,7.170000076293945,0,30.0,10.0,65.0,10.0,25.0,20.0,25.75,1
76910,Aston Martin Valkyrie AMR Pro and Aston Martin Vantage GT3,SPEED CHAMPIONS,4.440000057220459,1,30.0,10.0,65.0,10.0,25.0,20.0,25.75,1
76912,Fast & Furious 1970 Dodge Charger R/T,SPEED CHAMPIONS,30.399999618530273,0,30.0,10.0,65.0,10.0,45.0,10.0,28.25,1
76943,Pteranodon Chase,Jurassic World,4.400000095367432,1,30.0,70.0,10.0,30.0,45.0,10.0,33.0,1
76944,T. rex Dinosaur Breakout,Jurassic World,3.559999942779541,1,30.0,90.0,10.0,30.0,45.0,40.0,40.5,1
76945,Atrociraptor Dinosaur: Bike Chase,Jurassic World,10.289999961853027,0,30.0,50.0,25.0,30.0,45.0,10.0,32.25,0
76946,Blue & Beta Velociraptor Capture,Jurassic World,3.049999952316284,1,30.0,70.0,25.0,30.0,45.0,20.0,36.75,1
76947,Quetzalcoatlus Plane Ambush,Jurassic World,12.5,0,30.0,50.0,25.0,30.0,45.0,20.0,33.75,0
76948,T. rex & Atrociraptor Dinosaur Breakout,Jurassic World,5.300000190734863,0,30.0,70.0,45.0,10.0,45.0,60.0,41.75,2
76949,Giganotosaurus & Therizinosaurus Attack,Jurassic World,20.3799991607666,0,30.0,70.0,45.0,50.0,45.0,60.0,49.75,2
76950,Triceratops Pick-up Truck Ambush,Jurassic World,5.880000114440918,0,30.0,70.0,10.0,30.0,45.0,20.0,34.5,1
76951,Pyroraptor & Dilophosaurus Transport,Jurassic World,12.359999656677246,0,30.0,50.0,25.0,30.0,45.0,20.0,33.75,0
76956,T. rex Breakout,Jurassic World,23.25,0,30.0,30.0,65.0,10.0,45.0,60.0,38.75,2
76989,Horizon Forbidden West: Tallneck,Horizon,16.34000015258789,0,50.0,10.0,85.0,70.0,45.0,40.0,50.75,2
80030,Monkie Kid’s Staff Creations,Monkie Kid,1.6100000143051147,1,50.0,50.0,45.0,10.0,45.0,20.0,35.75,0
80031,Mei’s Dragon Car,Monkie Kid,8.470000267028809,0,50.0,30.0,45.0,30.0,45.0,40.0,39.75,0
80032,Chang’e Moon Cake Factory,Monkie Kid,8.470000267028809,0,50.0,30.0,45.0,30.0,45.0,40.0,39.75,0
80033,Evil Macaque’s Mech,Monkie Kid,10.4399995803833,0,50.0,30.0,45.0,30.0,70.0,40.0,44.75,1
80034,Nezha's Fire Ring,Monkie Kid,4.519999980926514,1,50.0,30.0,45.0,30.0,45.0,60.0,42.75,1
80035,Monkie Kid's Galactic Explorer,Monkie Kid,8.470000267028809,0,50.0,30.0,45.0,30.0,45.0,60.0,42.75,1
80036,The City of Lanterns,Monkie Kid,8.90999984741211,0,50.0,10.0,65.0,30.0,45.0,60.0,42.75,2
80037,Dragon of the East,Monkie Kid,2.440000057220459,1,50.0,30.0,65.0,30.0,45.0,40.0,42.75,1
80038,Monkie Kid's Team Van,Monkie Kid,10.960000038146973,0,50.0,30.0,65.0,30.0,70.0,60.0,50.75,3
80039,The Heavenly Realms,Monkie Kid,13.5,0,50.0,10.0,65.0,50.0,70.0,60.0,51.75,3
80108,Lunar New Year Traditions,Holiday & Event,4.449999809265137,1,50.0,10.0,25.0,70.0,45.0,40.0,41.75,1
80109,Lunar New Year Ice Festival,Holiday & Event,4.449999809265137,1,50.0,30.0,45.0,70.0,45.0,60.0,50.75,2
10317,Land Rover Classic Defender 90,Creator,6.28000020980835,0,50.0,30.0,85.0,10.0,45.0,80.0,47.75,2
10320,Eldorado Fortress,Pirates,11.319999694824219,0,30.0,30.0,65.0,10.0,45.0,80.0,41.75,2
10321,Corvette,Creator,22.239999771118164,0,50.0,50.0,85.0,10.0,45.0,60.0,47.75,2
10325,Alpine Lodge,Creator,12.40999984741211,0,50.0,10.0,65.0,10.0,45.0,60.0,38.75,2
10785,Bakey with Cakey Fun,Gabby's Dollhouse,13.149999618530273,0,50.0,70.0,10.0,10.0,45.0,10.0,32.0,1
10786,Gabby & MerCat's Ship & Spa,Gabby's Dollhouse,1.4299999475479126,1,50.0,70.0,10.0,10.0,45.0,10.0,32.0,1
10787,Kitty Fairy's Garden Party,Gabby's Dollhouse,1.5299999713897705,1,50.0,90.0,10.0,10.0,45.0,20.0,36.5,1
10789,Spider-Man's Car and Doc Ock,Super Heroes,9.270000457763672,0,30.0,90.0,10.0,10.0,45.0,10.0,32.0,1
10790,Green Goblin's Lighthouse,Super Heroes,28.950000762939453,0,30.0,90.0,10.0,10.0,45.0,20.0,33.5,1
10791,Mobile Headquarters,Super Heroes,9.329999923706055,0,30.0,90.0,10.0,10.0,45.0,40.0,36.5,1
10935,Alphabet Town,DUPLO,13.109999656677246,0,50.0,90.0,10.0,10.0,45.0,40.0,39.5,1
10981,Growing Carrot,DUPLO,22.440000534057617,0,50.0,90.0,85.0,10.0,45.0,10.0,46.25,2
10982,Fruit and Vegetable Tractor,DUPLO,2.559999942779541,1,50.0,90.0,10.0,10.0,45.0,10.0,35.0,1
10983,Organic Market,DUPLO,2.8299999237060547,1,50.0,90.0,85.0,10.0,45.0,20.0,47.75,2
10984,Organic Garden,DUPLO,12.739999771118164,0,50.0,90.0,85.0,10.0,45.0,20.0,47.75,2
10985,Wind Turbine and Electric Car,DUPLO,10.90999984741211,0,50.0,90.0,10.0,10.0,45.0,10.0,35.0,1
10986,Family House on Wheels,DUPLO,8.859999656677246,0,50.0,90.0,10.0,10.0,45.0,10.0,35.0,1
10987,Recycling Truck,DUPLO,30.700000762939453,0,50.0,90.0,10.0,10.0,45.0,10.0,35.0,1
10988,The Bus Ride,DUPLO,14.529999732971191,0,50.0,90.0,10.0,10.0,45.0,10.0,35.0,1
10989,Water Park,DUPLO,1.7699999809265137,1,50.0,90.0,10.0,10.0,45.0,20.0,36.5,1
10990,Construction Site,DUPLO,19.190000534057617,0,50.0,90.0,10.0,10.0,45.0,40.0,39.5,1
10991,Dream Playground,DUPLO,8.09000015258789,0,50.0,90.0,10.0,10.0,45.0,40.0,39.5,1
10992,Life at the Day-Care Center,DUPLO,8.420000076293945,0,50.0,90.0,10.0,10.0,45.0,20.0,36.5,1
10993,3in1 Tree House,DUPLO,4.739999771118164,1,50.0,90.0,10.0,10.0,45.0,40.0,39.5,1
10994,3-in-1 Family House,DUPLO,4.739999771118164,1,50.0,90.0,10.0,10.0,45.0,60.0,42.5,2
10995,Spider-Man's House,DUPLO,11.010000228881836,0,50.0,90.0,10.0,10.0,45.0,10.0,35.0,1
10996,Lightning McQueen & Mater's Car Wash Fun,DUPLO,18.34000015258789,0,50.0,90.0,10.0,10.0,45.0,20.0,36.5,1
10997,Camping Adventure,DUPLO,9.550000190734863,0,50.0,90.0,10.0,10.0,45.0,40.0,39.5,1
10998,3in1 Magical Castle,DUPLO,8.09000015258789,0,50.0,90.0,10.0,10.0,45.0,60.0,42.5,2
11027,Creative Neon Fun,Classic,3.319999933242798,1,70.0,10.0,85.0,50.0,45.0,10.0,45.25,2
11028,Creative Pastel Fun,Classic,4.639999866485596,1,70.0,10.0,85.0,50.0,45.0,10.0,45.25,2
11029,Creative Party Box,Classic,6.769999980926514,0,70.0,10.0,85.0,50.0,45.0,40.0,49.75,2
11030,Lots of Bricks,Classic,26.280000686645508,0,70.0,10.0,85.0,10.0,70.0,40.0,46.75,3
11031,Creative Monkey Fun,Classic,13.640000343322754,0,70.0,10.0,85.0,70.0,45.0,10.0,49.25,3
11032,Creative Color Fun,Classic,3.259999990463257,1,70.0,10.0,85.0,50.0,45.0,40.0,49.75,2
11033,Creative Fantasy Universe,Classic,3.990000009536743,1,70.0,10.0,85.0,10.0,45.0,40.0,41.75,2
21240,The Swamp Adventure,Minecraft,20.010000228881836,0,30.0,50.0,10.0,10.0,25.0,10.0,22.0,0
21241,The Bee Cottage,Minecraft,27.610000610351562,0,30.0,30.0,45.0,10.0,25.0,20.0,25.75,0
21242,The End Arena,Minecraft,27.3799991607666,0,30.0,30.0,25.0,10.0,25.0,20.0,22.75,0
21243,The Frozen Peaks,Minecraft,10.989999771118164,0,30.0,50.0,25.0,10.0,10.0,20.0,22.75,0
21244,The Sword Outpost,Minecraft,7.760000228881836,0,30.0,30.0,25.0,10.0,10.0,20.0,19.75,0
21245,The Panda Haven,Minecraft,29.34000015258789,0,30.0,30.0,65.0,10.0,25.0,40.0,31.75,1
21246,The Deep Dark Battle,Minecraft,31.399999618530273,0,30.0,50.0,45.0,10.0,25.0,40.0,31.75,0
21247,The Axolotl House,Minecraft,31.399999618530273,0,30.0,30.0,45.0,10.0,25.0,20.0,25.75,0
21248,The Pumpkin Farm,Minecraft,6.329999923706055,0,30.0,50.0,45.0,10.0,10.0,20.0,25.75,0
21249,The Crafting Box 4.0,Minecraft,6.329999923706055,0,30.0,50.0,45.0,10.0,10.0,40.0,28.75,0
21250,The Iron Golem Fortress,Minecraft,24.40999984741211,0,30.0,50.0,45.0,10.0,25.0,60.0,34.75,1
21253,The Animal Sanctuary,Minecraft,6.949999809265137,0,30.0,30.0,45.0,10.0,10.0,10.0,21.25,0
21338,A-Frame Cabin,LEGO Ideas (CUUSOO),18.860000610351562,0,50.0,30.0,85.0,10.0,45.0,60.0,44.75,2
21339,BTS Dynamite,LEGO Ideas (CUUSOO),5.880000114440918,0,50.0,50.0,45.0,50.0,45.0,60.0,49.75,1
21340,Tales of the Space Age,LEGO Ideas (CUUSOO),30.149999618530273,0,50.0,10.0,85.0,10.0,45.0,40.0,38.75,1
21341,Disney Hocus Pocus: The Sanderson Sisters' Cottage,LEGO Ideas (CUUSOO),5.860000133514404,0,50.0,30.0,65.0,10.0,45.0,80.0,44.75,2
21342,The Insect Collection,LEGO Ideas (CUUSOO),6.039999961853027,0,50.0,10.0,85.0,10.0,45.0,40.0,38.75,1
21343,Viking Village,LEGO Ideas (CUUSOO),5.860000133514404,0,50.0,10.0,85.0,10.0,45.0,60.0,41.75,2
31133,White Rabbit,Creator,4.269999980926514,1,50.0,10.0,85.0,30.0,45.0,10.0,38.25,1
31135,Vintage Motorcycle,Creator,22.690000534057617,0,50.0,30.0,85.0,50.0,45.0,10.0,45.25,1
31137,Adorable Dogs,Creator,4.269999980926514,1,50.0,10.0,85.0,30.0,45.0,20.0,39.75,1
31138,Beach Camper Van,Creator,1.6299999952316284,1,50.0,30.0,65.0,30.0,45.0,40.0,42.75,1
31139,Cozy House,Creator,4.269999980926514,1,50.0,10.0,65.0,30.0,45.0,40.0,39.75,1
31142,Space Roller Coaster,Creator,4.269999980926514,1,50.0,50.0,45.0,30.0,45.0,60.0,45.75,1
31143,Birdhouse,Creator,12.15999984741211,0,50.0,10.0,85.0,50.0,45.0,20.0,43.75,1
31144,Exotic Pink Parrot,Creator,13.850000381469727,0,50.0,10.0,85.0,50.0,45.0,10.0,42.25,1
31209,The Amazing Spider-Man,Art,15.069999694824219,0,30.0,30.0,85.0,10.0,45.0,60.0,41.75,2
31210,Modern Art,Art,22.649999618530273,0,30.0,10.0,85.0,10.0,45.0,40.0,35.75,1
40504,A Minifigure Tribute,LEGO Brand,10.649999618530273,0,50.0,10.0,85.0,10.0,45.0,40.0,38.75,1
40596,Magic Maze,Promotional,9.729999542236328,0,50.0,30.0,85.0,10.0,45.0,20.0,38.75,1
40613,Mini Disney Palace of Agrabah,Disney,15.859999656677246,0,50.0,10.0,85.0,10.0,45.0,20.0,35.75,1
40615,Tusken Raider,BrickHeadz,22.25,0,10.0,10.0,85.0,10.0,10.0,10.0,21.25,1
40616,Harry Potter & Cho Chang,BrickHeadz,17.989999771118164,0,10.0,10.0,85.0,10.0,10.0,10.0,21.25,1
40617,Draco Malfoy & Cedric Diggory,BrickHeadz,21.299999237060547,0,10.0,10.0,85.0,10.0,10.0,10.0,21.25,1
40618,Kingsley Shacklebolt & Nymphadora Tonks,BrickHeadz,7.849999904632568,0,10.0,10.0,85.0,10.0,10.0,10.0,21.25,1
40620,Cruella & Maleficent,BrickHeadz,22.010000228881836,0,10.0,10.0,85.0,10.0,10.0,10.0,21.25,1
40621,Moana & Merida,BrickHeadz,16.06999969482422,0,10.0,10.0,85.0,10.0,10.0,10.0,21.25,1
40622,Disney 100th Celebration,BrickHeadz,11.140000343322754,0,10.0,10.0,85.0,10.0,10.0,20.0,22.75,1
40623,Battle of Endor Heroes,BrickHeadz,10.020000457763672,0,10.0,10.0,85.0,10.0,10.0,20.0,22.75,1
40624,Alex,BrickHeadz,18.90999984741211,0,10.0,30.0,85.0,10.0,10.0,10.0,24.25,1
40625,Llama,BrickHeadz,19.0,0,10.0,30.0,85.0,10.0,10.0,10.0,24.25,1
40626,Zombie,BrickHeadz,13.199999809265137,0,10.0,50.0,85.0,10.0,10.0,10.0,27.25,1
40627,Sonic the Hedgehog,BrickHeadz,27.110000610351562,0,10.0,10.0,85.0,10.0,25.0,10.0,24.25,1
40628,"Miles ""Tails"" Prower",BrickHeadz,22.190000534057617,0,10.0,10.0,85.0,10.0,10.0,10.0,21.25,1
40630,Frodo & Gollum,BrickHeadz,31.399999618530273,0,10.0,30.0,85.0,10.0,25.0,10.0,27.25,1
40631,Gandalf the Grey & Balrog,BrickHeadz,20.760000228881836,0,10.0,10.0,85.0,10.0,10.0,10.0,21.25,1
40632,Aragorn & Arwen,BrickHeadz,14.1899995803833,0,10.0,10.0,85.0,10.0,10.0,10.0,21.25,1
40634,Icons of Play,Sports,6.369999885559082,0,50.0,30.0,25.0,10.0,45.0,60.0,35.75,1
40639,Bird's Nest,Holiday & Event,19.229999542236328,0,50.0,10.0,85.0,10.0,45.0,10.0,34.25,1
40641,Birthday Cake,Holiday & Event,20.110000610351562,0,50.0,10.0,45.0,10.0,45.0,10.0,28.25,0
40642,Gingerbread Ornaments,Holiday & Event,20.670000076293945,0,50.0,10.0,85.0,10.0,45.0,10.0,34.25,1
40643,Jade Rabbit,Holiday & Event,4.449999809265137,1,50.0,10.0,85.0,70.0,45.0,10.0,46.25,2
40644,Piñata {Pinata},Holiday & Event,21.700000762939453,0,50.0,10.0,85.0,10.0,45.0,10.0,34.25,1
40646,Daffodils,Botanicals,5.590000152587891,0,50.0,10.0,85.0,10.0,45.0,10.0,34.25,1
40651,Australia Postcard,Creator,28.440000534057617,0,50.0,10.0,85.0,10.0,45.0,10.0,34.25,1
40657,Dream Village,DREAMZzz,11.960000038146973,0,70.0,10.0,45.0,10.0,45.0,20.0,32.75,1
40658,Millennium Falcon Holiday Diorama,Star Wars,5.199999809265137,0,30.0,30.0,25.0,90.0,70.0,20.0,47.75,2
41723,Donut Shop,Friends,5.820000171661377,0,70.0,70.0,10.0,10.0,70.0,10.0,40.0,3
41724,Paisley's House,Friends,5.650000095367432,0,70.0,70.0,25.0,10.0,70.0,20.0,43.75,3
41725,Beach Buggy Fun,Friends,5.369999885559082,0,70.0,70.0,10.0,10.0,70.0,10.0,40.0,3
41727,Dog Rescue Center,Friends,8.34000015258789,0,70.0,30.0,65.0,10.0,70.0,40.0,46.75,3
41728,Heartlake Downtown Diner,Friends,3.9800000190734863,1,70.0,30.0,45.0,10.0,70.0,20.0,40.75,2
41729,Organic Grocery Store,Friends,5.800000190734863,0,70.0,30.0,45.0,10.0,70.0,40.0,43.75,2
41730,Autumn's House,Friends,9.880000114440918,0,70.0,30.0,65.0,10.0,70.0,40.0,46.75,3
41731,Heartlake International School,Friends,12.0,0,70.0,30.0,45.0,10.0,70.0,60.0,46.75,3
41732,Downtown Flower and Design Stores,Friends,9.039999961853027,0,70.0,30.0,65.0,10.0,70.0,60.0,49.75,4
41733,Mobile Bubble Tea Shop,Friends,10.09000015258789,0,70.0,30.0,25.0,10.0,70.0,10.0,36.25,2
41734,Sea Rescue Boat,Friends,2.9800000190734863,1,70.0,30.0,45.0,10.0,70.0,40.0,43.75,2
41735,Mobile Tiny House,Friends,6.46999979019165,0,70.0,30.0,65.0,10.0,70.0,40.0,46.75,3
41736,Sea Rescue Center,Friends,2.9800000190734863,1,70.0,50.0,45.0,10.0,70.0,40.0,46.75,2
41737,Beach Amusement Park,Friends,11.949999809265137,0,70.0,30.0,65.0,10.0,70.0,60.0,49.75,4
41738,Dog Rescue Bike,Friends,2.5799999237060547,1,70.0,30.0,25.0,10.0,70.0,10.0,36.25,2
41739,Liann's Room,Friends,2.809999942779541,1,70.0,30.0,25.0,90.0,70.0,10.0,52.25,3
41740,Aliya's Room,Friends,2.3399999141693115,1,70.0,30.0,45.0,90.0,70.0,10.0,55.25,3
41741,Dog Rescue Van,Friends,2.4700000286102295,1,70.0,30.0,45.0,10.0,70.0,20.0,40.75,2
41742,Cat Hotel,Friends,16.899999618530273,0,70.0,10.0,65.0,10.0,70.0,20.0,40.75,3
41743,Hair Salon,Friends,3.9800000190734863,1,70.0,30.0,45.0,10.0,70.0,20.0,40.75,2
41744,Sports Center,Friends,9.369999885559082,0,70.0,30.0,65.0,10.0,70.0,40.0,46.75,3
41745,Autumn's Horse Stable,Friends,7.190000057220459,0,70.0,30.0,65.0,10.0,70.0,40.0,46.75,3
41746,Horse Training,Friends,5.929999828338623,0,70.0,70.0,25.0,10.0,70.0,20.0,43.75,3
41747,Heartlake City Community Kitchen,Friends,26.389999389648438,0,70.0,30.0,45.0,30.0,70.0,40.0,47.75,2
41749,Newsroom Van,Friends,3.200000047683716,1,70.0,10.0,45.0,70.0,70.0,20.0,49.75,3
41751,Skate Park,Friends,5.309999942779541,0,70.0,30.0,45.0,10.0,70.0,40.0,43.75,2
41753,Pancake Shop,Friends,7.869999885559082,0,70.0,10.0,25.0,10.0,70.0,10.0,33.25,2
41754,Leo's Room,Friends,2.809999942779541,1,70.0,30.0,25.0,90.0,70.0,10.0,52.25,3
41755,Nova's Room,Friends,2.819999933242798,1,70.0,30.0,25.0,90.0,70.0,10.0,52.25,3
41756,Holiday Ski Slope and Café {Cafe},Friends,8.850000381469727,0,70.0,30.0,65.0,10.0,70.0,40.0,46.75,3
41757,Botanical Garden,Friends,19.65999984741211,0,70.0,10.0,65.0,10.0,70.0,40.0,43.75,3
41758,"Advent Calendar 2023, Friends",Holiday & Event,1.4299999475479126,1,50.0,50.0,85.0,90.0,45.0,20.0,57.75,2
41759,Heartlake City Bus,Friends,5.849999904632568,0,70.0,30.0,45.0,70.0,70.0,40.0,55.75,3
41760,Igloo Holiday Adventure,Friends,8.850000381469727,0,70.0,30.0,45.0,10.0,70.0,40.0,43.75,2
41801,My Pets Bracelet,Dots,28.100000381469727,0,50.0,50.0,85.0,10.0,45.0,10.0,40.25,1
41802,Unicorns Forever Bracelet,Dots,9.829999923706055,0,50.0,50.0,85.0,10.0,45.0,10.0,40.25,1
41805,Creative Animal Drawer,Dots,16.190000534057617,0,50.0,10.0,85.0,10.0,45.0,20.0,35.75,1
41806,Ultimate Party Kit,Dots,8.819999694824219,0,50.0,10.0,85.0,10.0,45.0,40.0,38.75,1
41807,Bracelet Designer Mega Pack,Dots,3.7300000190734863,1,50.0,10.0,85.0,10.0,45.0,20.0,35.75,1
41808,Hogwarts Accessories Pack,Dots,6.440000057220459,0,50.0,10.0,85.0,30.0,45.0,10.0,38.25,1
41809,Hedwig Pencil Holder,Dots,10.09000015258789,0,50.0,10.0,85.0,50.0,45.0,10.0,42.25,1
41811,Hogwarts Desktop Kit,Dots,6.989999771118164,0,50.0,10.0,85.0,30.0,45.0,20.0,39.75,1
42146,Liebherr Crawler Crane LR 13000,Technic,4.090000152587891,1,50.0,70.0,85.0,50.0,45.0,80.0,61.75,3
42147,Dump Truck,Technic,7.440000057220459,0,50.0,10.0,85.0,10.0,45.0,10.0,34.25,1
42148,Snow Groomer,Technic,7.21999979019165,0,50.0,10.0,85.0,10.0,45.0,10.0,34.25,1
42149,Monster Jam Dragon,Technic,17.700000762939453,0,50.0,30.0,85.0,10.0,45.0,10.0,37.25,1
42150,Monster Jam Monster Mutt Dalmatian,Technic,16.959999084472656,0,50.0,30.0,85.0,10.0,45.0,10.0,37.25,1
42152,Firefighter Aircraft,Technic,16.350000381469727,0,50.0,30.0,85.0,10.0,45.0,60.0,44.75,2
42153,NASCAR Next Gen Chevrolet Camaro,Technic,4.090000152587891,1,50.0,10.0,85.0,50.0,45.0,40.0,46.75,1
42155,The Batman - Batcycle,Technic,4.090000152587891,1,50.0,10.0,85.0,50.0,45.0,40.0,46.75,1
42156,Peugeot 9X8 24H Le Mans Hybrid Hypercar,Technic,4.090000152587891,1,50.0,30.0,85.0,50.0,45.0,60.0,52.75,2
43210,Moana's Wayfinding Boat,Disney,2.5,1,50.0,30.0,45.0,10.0,45.0,20.0,32.75,0
43211,Aurora's Castle,Disney,7.260000228881836,0,50.0,90.0,25.0,10.0,45.0,20.0,38.75,1
43212,Disney Celebration Train​,Disney,12.079999923706055,0,50.0,70.0,10.0,10.0,45.0,20.0,33.5,1
43213,The Little Mermaid Story Book,Disney,6.730000019073486,0,50.0,50.0,10.0,10.0,45.0,10.0,29.0,0
43214,Twirling Rapunzel,Disney,22.6200008392334,0,50.0,50.0,25.0,10.0,45.0,10.0,31.25,0
43218,Anna and Elsa's Magical Carousel,Disney,1.590000033378601,1,50.0,50.0,10.0,10.0,45.0,10.0,29.0,0
43219,Disney Princess Creative Castles,Disney,10.25,0,50.0,90.0,25.0,10.0,45.0,20.0,38.75,1
43220,Peter Pan & Wendy's Storybook Adventure,Disney,6.730000019073486,0,50.0,70.0,10.0,10.0,45.0,10.0,32.0,1
43222,Disney Castle,Disney,12.079999923706055,0,50.0,30.0,85.0,10.0,45.0,80.0,47.75,2
43223,Asha in the City of Rosas,Disney,5.929999828338623,0,50.0,50.0,25.0,10.0,45.0,10.0,31.25,0
43225,The Little Mermaid Royal Clamshell,Disney,6.619999885559082,0,50.0,30.0,65.0,10.0,45.0,60.0,41.75,2
43226,Disney Duos,Disney,21.809999465942383,0,50.0,30.0,85.0,10.0,45.0,20.0,38.75,1
43227,Villain Icons,Disney,23.940000534057617,0,50.0,30.0,65.0,10.0,45.0,60.0,41.75,2
43229,Ariel's Treasure Chest,Disney,12.100000381469727,0,50.0,50.0,65.0,10.0,45.0,20.0,38.75,1
43230,Walt Disney Tribute Camera,Disney,12.079999923706055,0,50.0,50.0,65.0,10.0,45.0,60.0,44.75,2
43231,Asha's Cottage,Disney,5.929999828338623,0,50.0,30.0,45.0,10.0,45.0,40.0,35.75,0
43232,Peter Pan & Wendy's Flight over London,Disney,8.640000343322754,0,50.0,50.0,45.0,10.0,45.0,40.0,38.75,0
45823,FIRST LEGO League (FLL) Challenge 2023 - Masterpiece,FIRST LEGO League,10.699999809265137,0,50.0,50.0,25.0,10.0,25.0,80.0,37.75,1
45824,FIRST LEGO League (FLL) Explore 2023 - Masterpiece Explore Set,FIRST LEGO League,31.399999618530273,0,50.0,30.0,25.0,10.0,45.0,40.0,32.75,0
60356,Bear Stunt Bike,Town,5.909999847412109,0,50.0,90.0,10.0,10.0,45.0,10.0,35.0,1
60358,Cyber Stunt Bike,Town,19.290000915527344,0,50.0,90.0,10.0,10.0,45.0,10.0,35.0,1
75192,UCS Millennium Falcon,Star Wars,7.079999923706055,0,30.0,30.0,85.0,10.0,70.0,80.0,49.75,3
71380,Master Your Adventure - Maker Set,Super Mario,8.199999809265137,0,30.0,70.0,25.0,10.0,70.0,40.0,40.75,2
41425,Olivia's Flower Garden,Friends,3.630000114440918,1,70.0,50.0,10.0,10.0,70.0,10.0,37.0,2
60305,Car Transporter,Town,5.28000020980835,0,50.0,30.0,45.0,70.0,45.0,20.0,44.75,1
75248,Resistance A-Wing Starfighter,Star Wars,8.539999961853027,0,30.0,30.0,45.0,30.0,70.0,20.0,38.75,1
76173,Spider-Man and Ghost Rider vs. Carnage,Super Heroes,19.889999389648438,0,30.0,30.0,25.0,10.0,45.0,10.0,25.25,0
70832,Emmet's Builder Box!,The LEGO Movie 2,6.199999809265137,0,50.0,70.0,45.0,10.0,45.0,20.0,38.75,1
70835,Rex's Rexplorer!,The LEGO Movie 2,4.71999979019165,1,50.0,30.0,85.0,10.0,45.0,60.0,44.75,2
70837,Shimmer & Shine Sparkle Spa!,The LEGO Movie 2,4.71999979019165,1,50.0,50.0,25.0,10.0,45.0,40.0,35.75,0
70839,The Rexcelsior!,The LEGO Movie 2,6.449999809265137,0,50.0,30.0,65.0,10.0,45.0,60.0,41.75,2
70840,Welcome to Apocalypseburg!,The LEGO Movie 2,13.460000038146973,0,50.0,30.0,65.0,10.0,45.0,80.0,44.75,2
70841,Benny's Space Squad,The LEGO Movie 2,27.229999542236328,0,50.0,70.0,10.0,10.0,45.0,10.0,32.0,1
70842,Emmet's Triple-Decker Couch Mech,The LEGO Movie 2,8.319999694824219,0,50.0,30.0,25.0,10.0,45.0,20.0,29.75,0
70847,Good Morning Sparkle Babies!,The LEGO Movie 2,15.0600004196167,0,50.0,90.0,10.0,10.0,45.0,10.0,35.0,1
70849,Wyld-Mayhem Star Fighter,The LEGO Movie 2,3.5299999713897705,1,50.0,50.0,25.0,10.0,45.0,40.0,35.75,0
71023,"Minifigure, The LEGO Movie 2 (Complete Series of 20 Complete Minifigure Sets)",Collectible Minifigures,2.5199999809265137,1,50.0,10.0,85.0,10.0,45.0,10.0,34.25,1
71024,"Minifigure, Disney, Series 2 (Complete Series of 18 Complete Minifigure Sets)",Collectible Minifigures,6.809999942779541,0,50.0,10.0,85.0,10.0,45.0,10.0,34.25,1
75223,Naboo Starfighter Microfighter,Star Wars,11.529999732971191,0,30.0,50.0,25.0,30.0,70.0,10.0,37.25,1
75224,Sith Infiltrator Microfighter,Star Wars,10.510000228881836,0,30.0,30.0,25.0,30.0,70.0,10.0,34.25,1
75226,Inferno Squad Battle Pack,Star Wars,13.15999984741211,0,30.0,50.0,10.0,10.0,70.0,10.0,31.0,1
75227,Darth Vader Bust,Star Wars,14.210000038146973,0,30.0,50.0,85.0,10.0,70.0,20.0,43.75,2
75228,Escape Pod vs. Dewback Microfighters,Star Wars,6.53000020980835,0,30.0,50.0,25.0,10.0,70.0,10.0,33.25,1
75229,Death Star Escape,Star Wars,9.010000228881836,0,30.0,30.0,25.0,10.0,70.0,20.0,31.75,1
75232,Kylo Ren & Sith Trooper,BrickHeadz,13.1899995803833,0,10.0,30.0,85.0,10.0,10.0,10.0,24.25,1
75233,Droid Gunship,Star Wars,13.609999656677246,0,30.0,50.0,25.0,10.0,70.0,40.0,37.75,1
75234,AT-AP Walker,Star Wars,18.270000457763672,0,30.0,30.0,45.0,10.0,70.0,40.0,37.75,1
75235,X-wing Starfighter Trench Run,Star Wars,6.789999961853027,0,30.0,70.0,10.0,50.0,70.0,20.0,43.5,2
75236,Duel on Starkiller Base,Star Wars,9.770000457763672,0,30.0,30.0,25.0,10.0,70.0,10.0,30.25,1
75237,TIE Fighter Attack,Star Wars,7.25,0,30.0,90.0,10.0,50.0,70.0,10.0,45.0,2
75239,Action Battle Hoth Generator Attack,Star Wars,4.449999809265137,1,30.0,50.0,45.0,30.0,70.0,20.0,41.75,1
75241,Action Battle Echo Base Defense,Star Wars,5.019999980926514,0,30.0,50.0,25.0,30.0,70.0,40.0,41.75,1
75242,Black Ace TIE Interceptor,Star Wars,6.099999904632568,0,30.0,50.0,45.0,10.0,70.0,40.0,40.75,1
75243,Slave I - 20th Anniversary Edition,Star Wars,9.40999984741211,0,30.0,50.0,45.0,30.0,70.0,60.0,47.75,2
75245,"Advent Calendar 2019, Star Wars (Day 24) - Santa Porg",Holiday & Event,5.940000057220459,0,50.0,50.0,10.0,90.0,45.0,20.0,46.5,1
75247,Rebel A-Wing Starfighter,Star Wars,7.139999866485596,0,30.0,90.0,10.0,50.0,70.0,10.0,45.0,2
75250,Pasaana Speeder Chase,Star Wars,4.130000114440918,1,30.0,30.0,25.0,10.0,70.0,20.0,31.75,1
75254,AT-ST Raider,Star Wars,4.599999904632568,1,30.0,30.0,45.0,10.0,70.0,40.0,37.75,1
75255,Yoda,Star Wars,9.149999618530273,0,30.0,10.0,85.0,10.0,70.0,60.0,43.75,3
75256,Kylo Ren's Shuttle,Star Wars,12.390000343322754,0,30.0,50.0,45.0,30.0,70.0,60.0,47.75,2
75257,Millennium Falcon,Star Wars,12.399999618530273,0,30.0,50.0,45.0,30.0,70.0,60.0,47.75,2
75258,Anakin's Podracer – 20th Anniversary Edition,Star Wars,14.039999961853027,0,30.0,30.0,25.0,10.0,70.0,20.0,31.75,1
75248,Resistance A-Wing Starfighter,Star Wars,8.539999961853027,0,30.0,30.0,45.0,30.0,70.0,20.0,38.75,1
